algo_name,done,graph,init_bots,init_locations,parameters,priority_nodes,random_string,sim_length,use_sim_time,avg_idle,priority_avg_idle,non_priority_avg_idle,max_idle,priority_max_idle,non_priority_max_idle,avg_ratio
ppa_random,False,cair,2,cluster_1563324333_1563324337 cluster_1563324010_1563324356,0,1563324336 cluster_1563324333_1563324337 1563324327 1563324011 1563324348 cluster_1563324010_1563324356,ppa_random_cair_58_0,20000,True,119.94619713458772,72.30996783494159,143.76431178441078,834,753,834,2.2642839220343114
ppa_random,False,cair,4,1563324324 1563324353 cluster_1563324002_1563324346 1563324348,0,1563324353 1563324348 1563324324 cluster_1563324002_1563324346,ppa_random_cair_52_0,20000,True,78.9715929611664,33.78924338650798,91.88083569678308,668,231,668,3.313210290657184
ppa_random,False,grid_5_5,3,21 22 9,0,21 22 9 7 24,ppa_random_grid_5_5_79_0,20000,True,153.02514577186577,90.48379256888532,168.6604840726109,1078,670,1078,2.2011772838790806
ppa_random,False,iitb,1,667357412,0,667357387 667357401 668672700 667357412 667357419,ppa_random_iitb_101_0,20000,True,622.9159010497505,334.8254743904271,698.7291712232567,5606,1273,5606,2.293897371618809
ppa_random,False,iitb,4,-222 4369058864 667357401 -22,0,4369058864 -22 668685374 668620103 -222 667357401,ppa_random_iitb_36_0,20000,True,210.00497375656087,131.76280929767557,236.085695242856,2011,1065,2011,2.104659607500553
ppa_random,False,grid_5_5,2,16 13,0,4 13 0 11 16,ppa_random_grid_5_5_6_0,20000,True,201.96667066586684,156.5384123175365,213.3237352529494,1623,951,1623,1.6798996333232616
ppa_random,False,iitb,2,3215340464 3215340463,0,5882320075 668620103 3215340463 3215340464,ppa_random_iitb_62_0,20000,True,302.03681802270336,229.925688853328,316.4590438565785,2406,1357,2406,1.7001165819665611
ppa_random,False,cair,1,1154147728,0,1563324324 1154147728 1563324349 1563324336,ppa_random_cair_13_0,20000,True,283.3358455749532,135.18573358011105,325.6644490020509,2000,704,2000,2.657047224085329
ppa_random,False,cair,1,1563324348,0,cluster_1563324010_1563324356 1154147727 1563324357 414035791 1563324348,ppa_random_cair_89_0,20000,True,229.58027315208392,140.16649497424612,263.9701878358677,1745,789,1745,2.0158513777061264
ppa_random,False,grid_5_5,4,20 4 0 15,0,0 15 20 4,ppa_random_grid_5_5_76_0,20000,True,131.7695115244238,71.1538423078846,143.31535327995502,1024,510,1024,2.584128049918845
ppa_random,False,grid_5_5,4,10 22 23 0,0,22 9 0 10 23 24,ppa_random_grid_5_5_84_0,20000,True,102.65542677133855,91.25276263813193,106.25626807656172,684,545,684,1.3731358173838706
ppa_random,False,cair,2,1563324324 1563324336,0,1563324324 1154147728 1563324349 1563324336,ppa_random_cair_14_0,20000,True,166.74485720158435,80.13896805159742,191.4893969587235,1485,457,1485,2.7062437234681056
ppa_random,False,cair,2,1563324343 cluster_1563324004_1563324334,0,1563324327 cluster_1563324333_1563324337 cluster_1563324004_1563324334 1563324343,ppa_random_cair_86_0,20000,True,160.114356529181,62.1129088726618,188.1147701453293,1498,513,1498,3.8046149586867575
ppa_random,False,iitb,4,667357387 667357361 5882320075 1990860598,0,5882320075 -22 667357387 1990860598 667357361,ppa_random_iitb_68_0,20000,True,162.0376570519229,153.0978304339132,164.39024300403076,946,733,946,1.193580096262949
ppa_random,False,grid_5_5,3,14 17 19,0,17 19 21 13 14,ppa_random_grid_5_5_43_0,20000,True,135.55789610519474,102.01640917954104,143.9432678366082,1397,661,1397,1.660939973543529
ppa_random,False,grid_5_5,4,11 0 4 16,0,4 13 0 11 16,ppa_random_grid_5_5_8_0,20000,True,122.1453549290142,95.04284143171364,128.9209833033393,913,632,913,1.657728785484199
ppa_random,False,cair,3,414035791 1154147727 1563324357,0,cluster_1563324010_1563324356 1154147727 1563324357 414035791 1563324348,ppa_random_cair_91_0,20000,True,105.62330243826544,65.49269853970794,121.05815009155675,951,428,951,2.06574492925697
ppa_random,False,cair,3,cluster_1563324004_1563324334 cluster_1563324002_1563324346 1563324349,0,1563324324 cluster_1563324002_1563324346 cluster_1563324004_1563324334 1563324349 1154147728 1563324357,ppa_random_cair_95_0,20000,True,100.9467415518113,57.00579137709781,122.91721663916805,815,510,815,2.529408869389389
ppa_random,False,cair,1,1563324011,0,1563324336 1154147727 1154147728 cluster_1563324002_1563324346 1563324011,ppa_random_cair_17_0,20000,True,248.72969722222223,223.73738000000003,258.3421269230769,1955,1955,1805,1.4393875165037655
ppa_random,False,grid_5_5,2,13 21,0,17 19 21 13 14,ppa_random_grid_5_5_42_0,20000,True,202.56561371931403,160.09166541672917,213.18410079496027,2345,1236,2345,1.5071203362279997
ppa_random,False,grid_5_5,2,0 15,0,0 15 20 4,ppa_random_grid_5_5_74_0,20000,True,220.95648694608383,119.70868760628188,240.24178205842705,1592,724,1592,2.390890327852469
ppa_random,False,grid_5_5,1,24,0,20 10 6 1 24 15,ppa_random_grid_5_5_45_0,20000,True,327.7911775588779,189.2682884144207,371.5352478150223,2612,770,2612,2.167779008937033
ppa_random,False,grid_5_5,3,15 20 0,0,0 15 20 4,ppa_random_grid_5_5_75_0,20000,True,162.67954209158168,87.74416366726655,176.95294750573697,1274,601,1274,2.4831929969751734
ppa_random,False,cair,1,cluster_1563324004_1563324334,0,1563324327 cluster_1563324333_1563324337 cluster_1563324004_1563324334 1563324343,ppa_random_cair_85_0,20000,True,251.46500349965004,95.0495700429957,296.1551273444084,1903,575,1903,3.761642913237716
ppa_random,False,cair,3,1563324336 1563324349 1154147728,0,1563324324 1154147728 1563324349 1563324336,ppa_random_cair_15_0,20000,True,119.89171097000704,60.34469526523674,136.90514402851284,967,396,967,2.7366790709517166
ppa_random,False,cair,4,1563324336 cluster_1563324010_1563324356 1563324327 1563324011,0,1563324336 cluster_1563324333_1563324337 1563324327 1563324011 1563324348 cluster_1563324010_1563324356,ppa_random_cair_60_0,20000,True,74.14292659077398,41.309665483274166,90.55955714452392,467,289,467,2.5385274464310954
ppa_random,False,cair,4,1563324011 1563324336 cluster_1563324002_1563324346 1154147727,0,1563324336 1154147727 1154147728 cluster_1563324002_1563324346 1563324011,ppa_random_cair_20_0,20000,True,81.86673888888889,68.1142,87.15617692307693,653,653,622,1.5943413346312587
ppa_random,False,cair,4,cluster_1563324004_1563324334 cluster_1563324333_1563324337 1563324327 1563324343,0,1563324327 cluster_1563324333_1563324337 cluster_1563324004_1563324334 1563324343,ppa_random_cair_88_0,20000,True,89.91400528941783,34.25442544254425,105.81674238852456,806,269,806,4.304355911744879
ppa_random,False,cair,1,1563324324,0,1563324353 1563324348 1563324324 cluster_1563324002_1563324346,ppa_random_cair_49_0,20000,True,228.4165597168748,104.43153407670384,263.8408527569236,1517,672,1517,3.062229030684475
ppa_random,False,iitb,1,667357387,0,3215340463 667357401 668685374 667357387,ppa_random_iitb_97_0,20000,True,518.6500904121461,327.7426003699815,556.831588420579,3763,1800,3763,1.900434912298984
ppa_random,False,iitb,4,-266 667357412 -222 4369058864,0,667357419 -266 667357412 4369058864 -222,ppa_random_iitb_32_0,20000,True,239.40981081261364,108.64875681624892,273.82061449586746,2287,660,2287,2.9293081356402344
ppa_random,False,iitb,1,4369058864,0,4369058864 -22 668685374 668620103 -222 667357401,ppa_random_iitb_33_0,20000,True,701.9182382071931,365.3678155169826,814.1017124372634,7856,1404,7856,2.352824760552108
ppa_random,False,iitb,3,668685374 667357401 cluster_-172_5366445082,0,4369058864 cluster_-172_5366445082 668685374 667357401,ppa_random_iitb_27_0,20000,True,285.0267284197544,152.65933296664832,311.5002075103755,3082,904,3082,2.346088811179297
ppa_random,False,grid_5_5,4,24 20 10 6,0,20 10 6 1 24 15,ppa_random_grid_5_5_48_0,20000,True,123.84917816436712,74.96629840698527,139.2858770351193,1128,445,1128,2.1810523288009693
ppa_random,False,iitb,4,667357415 1990860600 667357401 667357361,0,667357401 5366445083 667357361 1990860600 667357415 -22,ppa_random_iitb_72_0,20000,True,207.7419403208877,144.89450359041,228.69108589771355,1934,1128,1934,1.8196494662956413
ppa_random,False,grid_5_5,4,1 12 4 13,0,13 1 12 4,ppa_random_grid_5_5_4_0,20000,True,119.92440422021102,84.31475323766189,126.7071948835537,728,664,728,1.8182240315708715
ppa_random,False,grid_5_5,3,13 17 21,0,13 17 21 0,ppa_random_grid_5_5_39_0,20000,True,137.06524526226312,84.9614355717786,146.98978044140304,1039,480,1039,2.0219030023980498
ppa_random,False,grid_5_5,2,23 0,0,22 9 0 10 23 24,ppa_random_grid_5_5_82_0,20000,True,184.0984470776461,165.99334199956667,189.81584868125017,1215,889,1215,1.312054951711228
ppa_random,False,iitb,4,4369058864 667357401 cluster_-172_5366445082 668685374,0,4369058864 cluster_-172_5366445082 668685374 667357401,ppa_random_iitb_28_0,20000,True,216.59671183107508,125.19677766111694,234.87669866506675,1742,786,1742,2.27573861357346
ppa_random,False,cair,3,cluster_1563324002_1563324346 1563324324 1563324348,0,1563324353 1563324348 1563324324 cluster_1563324002_1563324346,ppa_random_cair_51_0,20000,True,99.00866901099388,44.41135443227839,114.60790174776974,789,345,789,3.1069562271849818
ppa_random,False,grid_5_5,1,4,0,0 15 20 4,ppa_random_grid_5_5_73_0,20000,True,339.2986574629852,183.98651960784315,368.8819218163456,2202,924,2202,2.292095639026758
ppa_random,False,iitb,3,667357387 667357361 5882320075,0,5882320075 -22 667357387 1990860598 667357361,ppa_random_iitb_67_0,20000,True,206.18599018725843,193.7131347461016,209.46832056651024,1171,1085,1171,1.1834582193224288
ppa_random,False,iitb,4,668685374 667357401 667357387 3215340463,0,3215340463 667357401 668685374 667357387,ppa_random_iitb_100_0,20000,True,179.41536686163744,115.39967754836776,192.21850472429136,1549,645,1549,2.0198704762376
ppa_random,False,cair,2,cluster_1563324004_1563324334 1563324357,0,1563324324 cluster_1563324002_1563324346 cluster_1563324004_1563324334 1563324349 1154147728 1563324357,ppa_random_cair_94_0,20000,True,146.6657028259698,85.51780744296117,177.23965051747413,1010,578,1010,2.4087784380880586
ppa_random,False,grid_5_5,4,17 0 21 13,0,13 17 21 0,ppa_random_grid_5_5_40_0,20000,True,108.98075296235189,66.05990950452477,117.1561517162237,691,563,691,2.0788191064328765
ppa_random,False,cair,2,cluster_1563324010_1563324356 1563324324,0,1563324343 cluster_1563324010_1563324356 1154147728 1563324324 1563324348,ppa_random_cair_54_0,20000,True,147.51691775266917,79.13992600739927,173.81576073161915,1290,525,1290,2.43015073358689
ppa_random,False,iitb,2,-22 4369058864,0,4369058864 -22 668685374 668620103 -222 667357401,ppa_random_iitb_34_0,20000,True,382.8564212571504,228.58735678190823,434.2794427488979,3096,1119,3096,2.2306910457357647
ppa_random,False,grid_5_5,1,13,0,13 17 21 0,ppa_random_grid_5_5_37_0,20000,True,311.306835443038,187.38039725821784,334.9118712877656,1903,859,1903,1.962472150395312
ppa_random,False,iitb,2,667357387 667357419,0,667357387 667357401 668672700 667357412 667357419,ppa_random_iitb_102_0,20000,True,374.2325327965861,201.17597639645948,419.773731849251,3719,894,3719,2.352863708121207
ppa_random,False,grid_5_5,1,7,0,21 22 9 7 24,ppa_random_grid_5_5_77_0,20000,True,330.7215867933967,218.03967983992,358.89206353176587,2191,1252,2191,1.9131250106022908
ppa_random,False,grid_5_5,2,0 13,0,13 17 21 0,ppa_random_grid_5_5_38_0,20000,True,182.360222033305,115.96215682352351,195.00747254945384,1048,811,1048,1.9229315139289973
ppa_random,False,cair,3,1563324327 cluster_1563324333_1563324337 1563324343,0,1563324327 cluster_1563324333_1563324337 cluster_1563324004_1563324334 1563324343,ppa_random_cair_87_0,20000,True,112.96604274658178,42.25982549127456,133.167819105241,985,326,985,4.220985678014393
ppa_random,False,cair,2,1563324357 cluster_1563324010_1563324356,0,cluster_1563324010_1563324356 1154147727 1563324357 414035791 1563324348,ppa_random_cair_90_0,20000,True,137.2369473894779,85.62047409481896,157.08943711819288,1016,473,1016,2.011530438817017
ppa_random,False,iitb,1,667357361,0,5882320075 -22 667357387 1990860598 667357361,ppa_random_iitb_65_0,20000,True,500.5365112111362,441.3639309827456,516.1082428501861,3123,1785,3123,1.2387025561854488
ppa_random,False,iitb,3,1990860600 667357415 -22,0,667357401 5366445083 667357361 1990860600 667357415 -22,ppa_random_iitb_71_0,20000,True,245.08978318495548,165.92188489880294,271.47908261367303,2367,1278,2367,1.7963232055348843
ppa_random,False,iitb,2,5882320075 -22,0,5882320075 -22 667357387 1990860598 667357361,ppa_random_iitb_66_0,20000,True,278.6358447488584,254.3597740225978,285.0242844136639,1817,1306,1817,1.2046355878393913
ppa_random,False,cair,1,1563324348,0,1563324349 1563324343 1154147727 1563324348 1154147726 cluster_1563324004_1563324334,ppa_random_cair_21_0,20000,True,287.05180683384464,110.4749649859944,375.3402277577698,2297,677,2297,3.7974090859554033
ppa_random,False,cair,4,cluster_1563324010_1563324356 1154147728 1563324324 1563324343,0,1563324343 cluster_1563324010_1563324356 1154147728 1563324324 1563324348,ppa_random_cair_56_0,20000,True,87.74034722222223,46.81652,103.48028076923076,748,301,748,2.5198532506254354
ppa_random,False,grid_5_5,1,23,0,22 9 0 10 23 24,ppa_random_grid_5_5_81_0,20000,True,288.01851540616246,242.71209317060155,302.3258066384449,1683,1374,1683,1.4166801455029
ppa_random,False,cair,1,cluster_1563324002_1563324346,0,1563324324 cluster_1563324002_1563324346 cluster_1563324004_1563324334 1563324349 1154147728 1563324357,ppa_random_cair_93_0,20000,True,254.3501836753975,149.53751312959537,306.7565189482986,1757,1227,1757,2.353278632258285
ppa_random,False,iitb,2,4369058864 667357412,0,667357419 -266 667357412 4369058864 -222,ppa_random_iitb_30_0,20000,True,405.908295842706,204.53743564108976,458.9006274747103,3159,1132,3159,2.54076559304446
ppa_random,False,grid_5_5,4,21 13 14 19,0,17 19 21 13 14,ppa_random_grid_5_5_44_0,20000,True,113.5103299340132,86.96495700859828,120.14667316536692,1211,542,1211,1.622545700781368
ppa_random,False,cair,2,1154147726 cluster_1563324004_1563324334,0,1563324349 1563324343 1154147727 1563324348 1154147726 cluster_1563324004_1563324334,ppa_random_cair_22_0,20000,True,175.5628586984905,64.84875910462189,230.9199084954248,1353,389,1353,4.060627935394809
ppa_random,False,cair,3,1563324011 cluster_1563324002_1563324346 1154147727,0,1563324336 1154147727 1154147728 cluster_1563324002_1563324346 1563324011,ppa_random_cair_19_0,20000,True,101.37969584326538,80.94174126118918,109.24044760560238,709,709,664,1.7011646700737786
ppa_random,False,grid_5_5,3,1 6 24,0,20 10 6 1 24 15,ppa_random_grid_5_5_47_0,20000,True,146.93436712657467,89.45484236486037,165.085795998695,1011,565,1011,2.197484349826065
ppa_random,False,iitb,3,4369058864 -282 5366445083,0,667357387 2055461156 -282 667357412 5366445083 4369058864,ppa_random_iitb_107_0,20000,True,232.03840351403616,163.20764152830566,254.98199084261296,2568,847,2568,1.74869096256738
ppa_random,False,cair,2,1563324336 1154147727,0,1563324336 1154147727 1154147728 cluster_1563324002_1563324346 1563324011,ppa_random_cair_18_0,20000,True,140.4729640372519,116.34007801560313,149.75484327634757,1010,940,1010,1.5286804419396776
ppa_random,False,grid_5_5,1,19,0,17 19 21 13 14,ppa_random_grid_5_5_41_0,20000,True,322.71426170468186,254.02408963585432,339.8868047218888,3263,1393,3263,1.4774879121225728
ppa_random,False,iitb,4,3215340463 5882320075 668620103 3215340464,0,5882320075 668620103 3215340463 3215340464,ppa_random_iitb_64_0,20000,True,179.79123307317724,126.61126676005604,190.4272263358015,1960,813,1960,1.9852775275602284
ppa_random,False,grid_5_5,4,22 24 7 21,0,21 22 9 7 24,ppa_random_grid_5_5_80_0,20000,True,133.37232153569286,77.10481903619277,147.4391971605679,1024,710,1024,2.334659115792331
ppa_random,False,grid_5_5,3,1 12 4,0,13 1 12 4,ppa_random_grid_5_5_3_0,20000,True,156.31943591538732,112.5874131119668,164.64934502080075,992,931,992,1.7915662735458828
ppa_random,False,iitb,1,1990860600,0,667357401 5366445083 667357361 1990860600 667357415 -22,ppa_random_iitb_69_0,20000,True,610.3726347524819,415.1407821973483,675.4499189375263,5725,1892,5725,1.7421830008350825
ppa_random,False,grid_5_5,2,10 23,0,10 15 24 18 2 23,ppa_random_grid_5_5_10_0,20000,True,186.93740651869624,127.52841098446976,205.69814195055724,1321,735,1321,1.7924041939276054
ppa_random,False,iitb,1,4369058864,0,667357387 2055461156 -282 667357412 5366445083 4369058864,ppa_random_iitb_105_0,20000,True,571.6212265252343,431.3349094366056,618.3833322214438,6751,2570,6751,1.6863031693880477
ppa_random,False,grid_5_5,3,11 13 4,0,4 13 0 11 16,ppa_random_grid_5_5_7_0,20000,True,149.12479104179167,108.34755048990202,159.31910117976403,1314,523,1314,1.7423275838179737
ppa_random,False,cair,4,1154147727 1563324349 cluster_1563324004_1563324334 1154147726,0,1563324349 1563324343 1154147727 1563324348 1154147726 cluster_1563324004_1563324334,ppa_random_cair_24_0,20000,True,98.22885033140548,37.392919645982296,128.64681567411705,878,338,878,4.150562904871217
ppa_random,False,iitb,2,667357415 1990860600,0,667357401 5366445083 667357361 1990860600 667357415 -22,ppa_random_iitb_70_0,20000,True,345.50188645421645,241.13770073540448,380.2899483604872,2897,1541,2897,1.732586429879681
ppa_random,False,iitb,1,4369058864,0,667357419 -266 667357412 4369058864 -222,ppa_random_iitb_29_0,20000,True,725.1431261770246,350.94322283885805,823.6167849502262,5782,2355,5782,2.5981660138254736
ppa_random,False,cair,3,cluster_1563324010_1563324356 1563324324 1563324348,0,1563324343 cluster_1563324010_1563324356 1154147728 1563324324 1563324348,ppa_random_cair_55_0,20000,True,102.25629677785,53.799169875481326,120.89365327876104,850,360,850,2.535153929116276
ppa_random,False,iitb,3,667357412 -266 -222,0,667357419 -266 667357412 4369058864 -222,ppa_random_iitb_31_0,20000,True,289.18784781232296,132.16743976806956,330.50900782396866,2427,893,2427,2.850152095017507
ppa_random,False,grid_5_5,2,15 24,0,20 10 6 1 24 15,ppa_random_grid_5_5_46_0,20000,True,194.9816550827541,122.4522392786306,217.8856811261616,1317,691,1317,2.062675776350152
ppa_random,False,grid_5_5,3,23 10 22,0,22 9 0 10 23 24,ppa_random_grid_5_5_83_0,20000,True,131.3843227838608,118.71376431178442,135.38555177504284,784,701,784,1.3188570300317002
ppa_random,False,iitb,4,668672700 667357412 667357401 667357387,0,667357387 667357401 668672700 667357412 667357419,ppa_random_iitb_104_0,20000,True,205.0282403934317,117.94662665666417,227.9444545346863,2218,561,2218,2.322420548357541
ppa_random,False,iitb,3,667357387 667357401 3215340463,0,3215340463 667357401 668685374 667357387,ppa_random_iitb_99_0,20000,True,227.9558855390564,146.73861306934654,244.19934003299835,2084,832,2084,1.9790802507664305
ppa_random,False,iitb,1,668685374,0,4369058864 cluster_-172_5366445082 668685374 667357401,ppa_random_iitb_25_0,20000,True,670.7091035853248,362.6619282601072,732.3185386503682,5174,1955,5174,2.270734504439476
ppa_random,False,iitb,4,4369058864 667357387 2055461156 5366445083,0,667357387 2055461156 -282 667357412 5366445083 4369058864,ppa_random_iitb_108_0,20000,True,169.2596142631009,131.90174123135884,181.7122386070149,2126,675,2126,1.5740879920863409
ppa_random,False,grid_5_5,1,12,0,13 1 12 4,ppa_random_grid_5_5_1_0,20000,True,345.931418567427,258.9180422168868,362.5053950151489,2138,2099,2138,1.6632700879110576
ppa_random,False,cair,1,1563324327,0,1563324336 cluster_1563324333_1563324337 1563324327 1563324011 1563324348 cluster_1563324010_1563324356,ppa_random_cair_57_0,20000,True,214.3770359256481,126.05020421772107,258.54045177961154,1307,801,1307,2.273979983085836
ppa_random,False,iitb,3,667357412 667357419 667357401,0,667357387 667357401 668672700 667357412 667357419,ppa_random_iitb_103_0,20000,True,246.2175069572897,150.53258011298306,271.3977508636862,2083,744,2083,2.1752167420317963
ppa_random,False,grid_5_5,3,15 23 10,0,10 15 24 18 2 23,ppa_random_grid_5_5_11_0,20000,True,141.29361331933404,98.55033081679248,154.79149200434716,1154,579,1154,1.768704792721603
ppa_random,False,iitb,2,4369058864 5366445083,0,667357387 2055461156 -282 667357412 5366445083 4369058864,ppa_random_iitb_106_0,20000,True,333.9454263818006,246.9063677907869,362.9584459121385,3140,1566,3140,1.6828479574227058
ppa_random,False,cair,4,1154147728 1563324336 1563324324 1563324349,0,1563324324 1154147728 1563324349 1563324336,ppa_random_cair_16_0,20000,True,99.19056269408752,48.18996550172491,113.7621618919054,785,281,785,2.9725653703537867
ppa_random,False,iitb,1,3215340463,0,5882320075 668620103 3215340463 3215340464,ppa_random_iitb_61_0,20000,True,539.8004219356558,414.3823661718399,564.8840330884191,4182,2248,4182,1.6512733611510555
ppa_random,False,iitb,2,667357387 667357401,0,3215340463 667357401 668685374 667357387,ppa_random_iitb_98_0,20000,True,327.1317819281928,213.1196494649465,349.9342084208421,2443,1197,2443,1.9142963627470928
ppa_random,False,grid_5_5,4,15 10 2 24,0,10 15 24 18 2 23,ppa_random_grid_5_5_12_0,20000,True,110.48090813622044,75.11531729759464,121.64898945368122,873,473,873,1.8478672279776729
ppa_random,False,cair,3,1563324343 cluster_1563324004_1563324334 1563324348,0,1563324349 1563324343 1154147727 1563324348 1154147726 cluster_1563324004_1563324334,ppa_random_cair_23_0,20000,True,123.73184866618882,46.19884649364072,162.49834975246284,1026,287,1026,4.144961485365029
ppa_random,False,cair,1,1154147728,0,1563324343 cluster_1563324010_1563324356 1154147728 1563324324 1563324348,ppa_random_cair_53_0,20000,True,248.7903114667556,132.1008452113028,293.67087541116047,1705,655,1705,2.411720675371496
ppa_random,False,grid_5_5,1,0,0,4 13 0 11 16,ppa_random_grid_5_5_5_0,20000,True,360.00682541270635,236.40125062531263,390.9082191095548,3682,1193,3682,1.9567952371791253
ppa_random,False,cair,4,1563324357 1563324324 cluster_1563324004_1563324334 1154147728,0,1563324324 cluster_1563324002_1563324346 cluster_1563324004_1563324334 1563324349 1154147728 1563324357,ppa_random_cair_96_0,20000,True,84.31361827921141,42.6286423951457,105.15610622124424,669,352,669,2.898471879412513
ppa_random,False,cair,3,cluster_1563324010_1563324356 1563324011 1563324327,0,1563324336 cluster_1563324333_1563324337 1563324327 1563324011 1563324348 cluster_1563324010_1563324356,ppa_random_cair_59_0,20000,True,92.36340578502296,50.43082641597493,113.32969546954696,633,376,633,2.6013077467597343
ppa_random,False,grid_5_5,2,7 9,0,21 22 9 7 24,ppa_random_grid_5_5_78_0,20000,True,216.02897034555184,133.7410011501725,236.60096264439667,1453,808,1453,2.08604240664842
ppa_random,False,cair,2,cluster_1563324002_1563324346 1563324353,0,1563324353 1563324348 1563324324 cluster_1563324002_1563324346,ppa_random_cair_50_0,20000,True,130.7192940052119,58.50363804570686,151.35233856507045,973,319,973,3.0970739071779665
ppa_random,False,cair,4,414035791 1154147727 1563324357 cluster_1563324010_1563324356,0,cluster_1563324010_1563324356 1154147727 1563324357 414035791 1563324348,ppa_random_cair_92_0,20000,True,75.87397628651755,47.65311531153115,86.72815358458924,600,403,600,2.052305084849394
ppa_random,False,iitb,3,3215340463 668620103 3215340464,0,5882320075 668620103 3215340463 3215340464,ppa_random_iitb_63_0,20000,True,226.55762322681736,155.7356978546782,240.7220083012452,2257,1019,2257,1.9462273762421327
ppa_random,False,iitb,3,-22 4369058864 -222,0,4369058864 -22 668685374 668620103 -222 667357401,ppa_random_iitb_35_0,20000,True,287.4463587425727,171.74028744096287,326.01504917644274,2911,1030,2911,2.1822080566406843
ppa_random,False,grid_5_5,2,1 12,0,13 1 12 4,ppa_random_grid_5_5_2_0,20000,True,207.16882644132204,149.03236411820592,218.24243831239184,1345,1243,1345,1.7060190512698163
ppa_random,False,iitb,2,4369058864 cluster_-172_5366445082,0,4369058864 cluster_-172_5366445082 668685374 667357401,ppa_random_iitb_26_0,20000,True,395.0739544280596,205.5947888027993,432.9697875531117,3695,1191,3695,2.4002929038691523
ppa_random,False,grid_5_5,1,24,0,10 15 24 18 2 23,ppa_random_grid_5_5_9_0,20000,True,303.2377538876944,229.3476840508692,326.5714601519549,1942,1083,1942,1.593001901547357
ppa_random,False,iitb,2,667357415 1990860600,3,667357401 5366445083 667357361 1990860600 667357415 -22,ppa_random_iitb_70_3,20000,True,322.3329978495699,266.0686220577449,341.08778978017824,2770,1449,2770,1.4135466467639215
ppa_random,False,grid_5_5,3,13 17 21,3,13 17 21 0,ppa_random_grid_5_5_39_3,20000,True,135.86942841426213,107.05097014552184,141.35865856068887,786,546,786,1.578753453986702
ppa_random,False,cair,1,1563324348,3,1563324349 1563324343 1154147727 1563324348 1154147726 cluster_1563324004_1563324334,ppa_random_cair_21_3,20000,True,221.28983828586345,125.36616502508208,269.2516749162542,1573,692,1573,2.472192685050414
ppa_random,False,cair,3,1563324327 cluster_1563324333_1563324337 1563324343,3,1563324327 cluster_1563324333_1563324337 cluster_1563324004_1563324334 1563324343,ppa_random_cair_87_3,20000,True,83.072775,45.1940875,93.89525714285712,707,287,707,2.752322285722719
ppa_random,False,grid_5_5,4,11 0 4 16,3,4 13 0 11 16,ppa_random_grid_5_5_8_3,20000,True,105.88653069386122,98.94383123375324,107.62220555888824,581,533,581,1.3136134428036284
ppa_random,False,cair,3,414035791 1154147727 1563324357,3,cluster_1563324010_1563324356 1154147727 1563324357 414035791 1563324348,ppa_random_cair_91_3,20000,True,82.61417622604598,66.82120848339335,88.68839458860467,616,451,616,1.5002395225441778
ppa_random,False,cair,2,1154147726 cluster_1563324004_1563324334,3,1563324349 1563324343 1154147727 1563324348 1154147726 cluster_1563324004_1563324334,ppa_random_cair_22_3,20000,True,130.50307484625768,69.95730213489325,160.7759612019399,943,470,943,2.746573142310323
ppa_random,False,cair,4,1563324324 1563324353 cluster_1563324002_1563324346 1563324348,3,1563324353 1563324348 1563324324 cluster_1563324002_1563324346,ppa_random_cair_52_3,20000,True,68.16263590957327,38.447172358617934,76.65276835270335,539,255,539,2.4653726821255133
ppa_random,False,grid_5_5,3,23 10 22,3,22 9 0 10 23 24,ppa_random_grid_5_5_83_3,20000,True,127.54837541877092,125.72321949430804,128.1247404475487,675,675,648,1.2278629021522698
ppa_random,False,cair,2,1563324336 1154147727,3,1563324336 1154147727 1154147728 cluster_1563324002_1563324346 1563324011,ppa_random_cair_18_3,20000,True,123.33278336083195,114.43209839508026,126.75612373227492,1016,888,1016,1.3263871507079992
ppa_random,False,cair,1,1154147728,3,1563324324 1154147728 1563324349 1563324336,ppa_random_cair_13_3,20000,True,211.04416331927712,146.786801840092,229.4034094561871,1510,693,1510,1.7920037284350017
ppa_random,False,iitb,2,4369058864 cluster_-172_5366445082,3,4369058864 cluster_-172_5366445082 668685374 667357401,ppa_random_iitb_26_3,20000,True,349.3863642043183,221.813449620152,374.9009471211515,2639,1376,2639,2.014385986143496
ppa_random,False,iitb,4,668685374 667357401 667357387 3215340463,3,3215340463 667357401 668685374 667357387,ppa_random_iitb_100_3,20000,True,184.91951552712248,129.87367552978807,195.92868352658937,2083,843,2083,1.8816836901391447
ppa_random,False,iitb,1,1990860600,3,667357401 5366445083 667357361 1990860600 667357415 -22,ppa_random_iitb_69_3,20000,True,538.2720255051895,450.3503673346994,567.5792448953526,4065,2434,4065,1.36065903853169
ppa_random,False,iitb,3,4369058864 -282 5366445083,3,667357387 2055461156 -282 667357412 5366445083 4369058864,ppa_random_iitb_107_3,20000,True,221.6048629177506,182.5376892802348,234.62725413025595,1332,1140,1332,1.468204386670085
ppa_random,False,grid_5_5,4,21 13 14 19,3,17 19 21 13 14,ppa_random_grid_5_5_44_3,20000,True,103.57084745762712,83.06661666916655,108.69690515474224,774,604,774,1.5559482512551668
ppa_random,False,cair,1,1563324327,3,1563324336 cluster_1563324333_1563324337 1563324327 1563324011 1563324348 cluster_1563324010_1563324356,ppa_random_cair_57_3,20000,True,179.10717758110127,134.63397336533495,201.34377968898448,961,804,961,1.6939117133243973
ppa_random,False,cair,4,1563324357 1563324324 cluster_1563324004_1563324334 1154147728,3,1563324324 cluster_1563324002_1563324346 cluster_1563324004_1563324334 1563324349 1154147728 1563324357,ppa_random_cair_96_3,20000,True,71.36077362798528,48.50803293168676,82.78714397613453,575,416,575,1.995172922564601
ppa_random,False,cair,1,cluster_1563324004_1563324334,3,1563324327 cluster_1563324333_1563324337 cluster_1563324004_1563324334 1563324343,ppa_random_cair_85_3,20000,True,187.57462404657545,112.51289935503225,209.0208311013021,1137,544,1137,2.320131363641328
ppa_random,False,iitb,2,-22 4369058864,3,4369058864 -22 668685374 668620103 -222 667357401,ppa_random_iitb_34_3,20000,True,385.8951727184822,257.5589093394685,428.6739271781535,3555,1590,3555,1.8970265898227825
ppa_random,False,grid_5_5,2,23 0,3,22 9 0 10 23 24,ppa_random_grid_5_5_82_3,20000,True,171.65907295364767,165.0096838175242,173.75888004926566,1188,825,1188,1.199902645362393
ppa_random,False,cair,2,cluster_1563324010_1563324356 1563324324,3,1563324343 cluster_1563324010_1563324356 1154147728 1563324324 1563324348,ppa_random_cair_54_3,20000,True,115.69632963796504,86.48253063265817,126.93240617846767,918,495,918,1.6753757616988294
ppa_random,False,cair,2,cluster_1563324002_1563324346 1563324353,3,1563324353 1563324348 1563324324 cluster_1563324002_1563324346,ppa_random_cair_50_3,20000,True,120.0381953124566,68.22870106494675,134.84090795460227,706,488,706,2.342121914037573
ppa_random,False,grid_5_5,4,1 12 4 13,3,13 1 12 4,ppa_random_grid_5_5_4_3,20000,True,112.86767846093268,81.63883107385948,118.8160303441847,735,549,735,1.8277845028741235
ppa_random,False,grid_5_5,1,7,3,21 22 9 7 24,ppa_random_grid_5_5_77_3,20000,True,296.0175107553777,237.79242621310647,310.5737818909455,1425,1008,1425,1.546956426360002
ppa_random,False,grid_5_5,1,24,3,20 10 6 1 24 15,ppa_random_grid_5_5_45_3,20000,True,291.5450072503626,222.77378868943447,313.26223416433976,1618,831,1618,1.634076345709479
ppa_random,False,iitb,1,4369058864,3,667357387 2055461156 -282 667357412 5366445083 4369058864,ppa_random_iitb_105_3,20000,True,493.3024743032303,394.96195045562825,526.0826489190976,2654,1738,2654,1.4616814456372895
ppa_random,False,iitb,1,667357387,3,3215340463 667357401 668685374 667357387,ppa_random_iitb_97_3,20000,True,544.7972233330001,360.22295811256623,581.7120763770869,3384,1906,3384,1.755941846698018
ppa_random,False,grid_5_5,2,0 15,3,0 15 20 4,ppa_random_grid_5_5_74_3,20000,True,196.00244151169767,151.07947160567886,204.55919768427265,1190,777,1190,1.7134744059616829
ppa_random,False,grid_5_5,4,15 10 2 24,3,10 15 24 18 2 23,ppa_random_grid_5_5_12_3,20000,True,102.84820758962051,83.98483409162874,108.80506237846002,606,508,606,1.5401201822045891
ppa_random,False,iitb,2,4369058864 667357412,3,667357419 -266 667357412 4369058864 -222,ppa_random_iitb_30_3,20000,True,329.23458008528223,227.19866080351787,356.0861377910096,2226,1396,2226,1.7547442613918467
ppa_random,False,cair,3,1563324336 1563324349 1154147728,3,1563324324 1154147728 1563324349 1563324336,ppa_random_cair_15_3,20000,True,85.94322783860807,64.55385980700964,92.05447584763618,707,321,707,1.7505661187806842
ppa_random,False,iitb,2,667357387 667357419,3,667357387 667357401 668672700 667357412 667357419,ppa_random_iitb_102_3,20000,True,335.4739901009899,258.6001899810019,355.70393750098674,2139,1250,2139,1.6180475694597316
ppa_random,False,cair,1,1563324324,3,1563324353 1563324348 1563324324 cluster_1563324002_1563324346,ppa_random_cair_49_3,20000,True,192.06061363598485,115.6558797060147,213.8905376159764,1361,657,1361,2.1188542892027145
ppa_random,False,grid_5_5,3,11 13 4,3,4 13 0 11 16,ppa_random_grid_5_5_7_3,20000,True,134.17441616242436,121.4416262439366,137.3576136420463,767,694,767,1.3222745241786142
ppa_random,False,grid_5_5,4,10 22 23 0,3,22 9 0 10 23 24,ppa_random_grid_5_5_84_3,20000,True,106.9057972898645,102.85986799339967,108.18345917295864,606,572,606,1.2303302324173797
ppa_random,False,cair,2,1563324324 1563324336,3,1563324324 1154147728 1563324349 1563324336,ppa_random_cair_14_3,20000,True,120.15841223800317,86.08079115823165,129.89487540365215,924,473,924,1.7611754355690412
ppa_random,False,iitb,2,5882320075 -22,3,5882320075 -22 667357387 1990860598 667357361,ppa_random_iitb_66_3,20000,True,280.3963262634852,281.20698314241406,280.1829955058724,1808,1691,1808,1.0876728906003106
ppa_random,False,cair,4,cluster_1563324010_1563324356 1154147728 1563324324 1563324343,3,1563324343 cluster_1563324010_1563324356 1154147728 1563324324 1563324348,ppa_random_cair_56_3,20000,True,65.28930335405659,46.77593879693984,72.40982818371687,508,301,508,1.790347129630877
ppa_random,False,grid_5_5,2,0 13,3,13 17 21 0,ppa_random_grid_5_5_38_3,20000,True,175.9059957987396,138.9675277583275,182.94189447310384,1016,730,1016,1.5469147643659311
ppa_random,False,grid_5_5,2,16 13,3,4 13 0 11 16,ppa_random_grid_5_5_6_3,20000,True,177.73967901604922,161.92383380830955,181.6936403179841,1110,765,1110,1.2872835318100972
ppa_random,False,iitb,4,4369058864 667357387 2055461156 5366445083,3,667357387 2055461156 -282 667357412 5366445083 4369058864,ppa_random_iitb_108_3,20000,True,165.57492331799693,130.9202423818097,177.12648363005937,1196,696,1196,1.5305744235230263
ppa_random,False,iitb,4,-266 667357412 -222 4369058864,3,667357419 -266 667357412 4369058864 -222,ppa_random_iitb_32_3,20000,True,170.55751696087748,117.56415462319347,184.50313862868907,1207,867,1207,1.9250224536828728
ppa_random,False,iitb,4,668672700 667357412 667357401 667357387,3,667357387 667357401 668672700 667357412 667357419,ppa_random_iitb_104_3,20000,True,177.3913845974368,130.0830458477076,189.8409474263129,1337,681,1337,1.7431712999232143
ppa_random,False,grid_5_5,2,13 21,3,17 19 21 13 14,ppa_random_grid_5_5_42_3,20000,True,193.3468906218756,149.30751849630073,204.35673365326937,1816,901,1816,1.5712499221165068
ppa_random,False,grid_5_5,3,15 20 0,3,0 15 20 4,ppa_random_grid_5_5_75_3,20000,True,152.22953609278144,122.05150219956008,157.9777330248236,1036,682,1036,1.7718825354161116
ppa_random,False,grid_5_5,4,24 20 10 6,3,20 10 6 1 24 15,ppa_random_grid_5_5_48_3,20000,True,104.3993419012852,79.52296177759996,112.2550408877121,648,532,648,1.7136788138734176
ppa_random,False,cair,1,cluster_1563324002_1563324346,3,1563324324 cluster_1563324002_1563324346 cluster_1563324004_1563324334 1563324349 1154147728 1563324357,ppa_random_cair_93_3,20000,True,202.05043534307924,144.74301978630126,230.7041431214682,1392,878,1392,1.7582481355837645
ppa_random,False,grid_5_5,3,1 6 24,3,20 10 6 1 24 15,ppa_random_grid_5_5_47_3,20000,True,148.38306884655765,114.26568671566422,159.15697899315558,1069,627,1069,1.713637911773103
ppa_random,False,cair,4,414035791 1154147727 1563324357 cluster_1563324010_1563324356,3,cluster_1563324010_1563324356 1154147727 1563324357 414035791 1563324348,ppa_random_cair_92_3,20000,True,65.12930742351772,52.15999200039997,70.11750566317839,488,321,488,1.5342522463687964
ppa_random,False,grid_5_5,3,14 17 19,3,17 19 21 13 14,ppa_random_grid_5_5_43_3,20000,True,137.71113577284547,108.53143371325734,145.00606128774243,1172,776,1172,1.5839755575622736
ppa_random,False,cair,2,1563324343 cluster_1563324004_1563324334,3,1563324327 cluster_1563324333_1563324337 cluster_1563324004_1563324334 1563324343,ppa_random_cair_86_3,20000,True,115.98851935206024,64.43205801450362,130.7189368770764,923,504,923,2.613995517497236
ppa_random,False,grid_5_5,1,0,3,4 13 0 11 16,ppa_random_grid_5_5_5_3,20000,True,287.98692807842355,261.2850055016505,294.6624087226168,1397,1204,1397,1.2629112695721367
ppa_random,False,cair,4,1154147728 1563324336 1563324324 1563324349,3,1563324324 1154147728 1563324349 1563324336,ppa_random_cair_16_3,20000,True,70.7809638888889,50.0508625,76.70385,591,334,591,1.9200509213398844
ppa_random,False,iitb,1,667357412,3,667357387 667357401 668672700 667357412 667357419,ppa_random_iitb_101_3,20000,True,542.2002099055425,372.1062521865161,586.9617777263389,4158,1587,4158,1.808213651211656
ppa_random,False,iitb,3,667357387 667357361 5882320075,3,5882320075 -22 667357387 1990860598 667357361,ppa_random_iitb_67_3,20000,True,201.81733253329327,205.76802840142005,200.7776757258916,1071,1036,1071,1.0600492464933295
ppa_random,False,iitb,4,4369058864 667357401 cluster_-172_5366445082 668685374,3,4369058864 cluster_-172_5366445082 668685374 667357401,ppa_random_iitb_28_3,20000,True,202.47988943877888,122.16509198160368,218.54284893021392,1581,908,1581,2.188392172528355
ppa_random,False,grid_5_5,2,1 12,3,13 1 12 4,ppa_random_grid_5_5_2_3,20000,True,186.870397920416,142.62984903019395,195.29716913760103,1379,958,1379,1.6304276648509983
ppa_random,False,cair,1,1563324011,3,1563324336 1154147727 1154147728 cluster_1563324002_1563324346 1563324011,ppa_random_cair_17_3,20000,True,205.72137786221376,197.1232776722328,209.0283394737449,1322,1322,1066,1.2448579808207336
ppa_random,False,cair,2,cluster_1563324333_1563324337 cluster_1563324010_1563324356,3,1563324336 cluster_1563324333_1563324337 1563324327 1563324011 1563324348 cluster_1563324010_1563324356,ppa_random_cair_58_3,20000,True,116.88546615325632,88.38664966411629,131.13487439782634,826,826,726,1.725814874634304
ppa_random,False,grid_5_5,2,10 23,3,10 15 24 18 2 23,ppa_random_grid_5_5_10_3,20000,True,174.23400919816035,153.70690028660934,180.71625411759752,1050,795,1050,1.358890940136697
ppa_random,False,iitb,4,667357415 1990860600 667357401 667357361,3,667357401 5366445083 667357361 1990860600 667357415 -22,ppa_random_iitb_72_3,20000,True,184.69051962548312,150.0905887644942,196.22382991247943,1394,1237,1394,1.5110647997096571
ppa_random,False,iitb,1,667357361,3,5882320075 -22 667357387 1990860598 667357361,ppa_random_iitb_65_3,20000,True,475.6933925295981,464.6009604802402,478.61245359521865,2429,1986,2429,1.0818046019848313
ppa_random,False,cair,2,cluster_1563324004_1563324334 1563324357,3,1563324324 cluster_1563324002_1563324346 cluster_1563324004_1563324334 1563324349 1154147728 1563324357,ppa_random_cair_94_3,20000,True,120.33491944444442,83.84560833333333,138.57957500000003,830,525,830,1.860897588025536
ppa_random,False,iitb,1,668685374,3,4369058864 cluster_-172_5366445082 668685374 667357401,ppa_random_iitb_25_3,20000,True,569.3051612337891,404.9317885934605,602.1798357618546,4030,2316,4030,1.7563168923618455
ppa_random,False,grid_5_5,4,22 24 7 21,3,21 22 9 7 24,ppa_random_grid_5_5_80_3,20000,True,115.67019596080785,79.41984603079383,124.73278344331132,631,631,620,1.8943608607658
ppa_random,False,cair,4,1563324011 1563324336 cluster_1563324002_1563324346 1154147727,3,1563324336 1154147727 1154147728 cluster_1563324002_1563324346 1563324011,ppa_random_cair_20_3,20000,True,66.4003616847509,59.44390219510976,69.07592302692058,570,452,570,1.4318809579896985
ppa_random,False,cair,1,1563324348,3,cluster_1563324010_1563324356 1154147727 1563324357 414035791 1563324348,ppa_random_cair_89_3,20000,True,187.22070765177665,154.46036716522437,199.82083860814288,1152,746,1152,1.3838142891226848
ppa_random,False,cair,3,1563324343 cluster_1563324004_1563324334 1563324348,3,1563324349 1563324343 1154147727 1563324348 1154147726 cluster_1563324004_1563324334,ppa_random_cair_23_3,20000,True,94.30355217676411,48.46829048714614,117.22118302157314,812,323,812,2.947330276787359
ppa_random,False,iitb,3,1990860600 667357415 -22,3,667357401 5366445083 667357361 1990860600 667357415 -22,ppa_random_iitb_71_3,20000,True,225.92175,181.3829583333333,240.7680138888889,1673,1461,1673,1.5091176281707428
ppa_random,False,iitb,3,-22 4369058864 -222,3,4369058864 -22 668685374 668620103 -222 667357401,ppa_random_iitb_35_3,20000,True,236.39582187442707,171.74117872560296,257.9473695907017,1886,1287,1886,1.7694197898374142
ppa_random,False,cair,4,1563324336 cluster_1563324010_1563324356 1563324327 1563324011,3,1563324336 cluster_1563324333_1563324337 1563324327 1563324011 1563324348 cluster_1563324010_1563324356,ppa_random_cair_60_3,20000,True,66.44948914112372,49.85648449089121,74.74599146623997,476,419,476,1.7950570361428486
ppa_random,False,iitb,3,667357412 667357419 667357401,3,667357387 667357401 668672700 667357412 667357419,ppa_random_iitb_103_3,20000,True,226.73852635875903,172.3480755773268,241.0518028801885,1574,844,1574,1.7193637931076051
ppa_random,False,cair,3,cluster_1563324002_1563324346 1563324324 1563324348,3,1563324353 1563324348 1563324324 cluster_1563324002_1563324346,ppa_random_cair_51_3,20000,True,86.69913495674784,49.9041577078854,97.21198559927996,711,313,711,2.3402650271428778
ppa_random,False,grid_5_5,3,15 23 10,3,10 15 24 18 2 23,ppa_random_grid_5_5_11_3,20000,True,130.69494101179765,107.86490201959607,137.904427009335,779,779,778,1.4943975642052052
ppa_random,False,iitb,2,4369058864 5366445083,3,667357387 2055461156 -282 667357412 5366445083 4369058864,ppa_random_iitb_106_3,20000,True,307.4476082716543,245.85857171434287,327.9772871240915,1673,1146,1673,1.5289916380237778
ppa_random,False,grid_5_5,4,17 0 21 13,3,13 17 21 0,ppa_random_grid_5_5_40_3,20000,True,104.922404120206,82.4775613780689,109.19761226156544,659,482,659,1.5986747042009206
ppa_random,False,cair,2,1563324357 cluster_1563324010_1563324356,3,cluster_1563324010_1563324356 1154147727 1563324357 414035791 1563324348,ppa_random_cair_90_3,20000,True,107.09800995854312,84.97418225467639,115.60717446003032,734,448,734,1.4956038295264578
ppa_random,False,cair,4,1154147727 1563324349 cluster_1563324004_1563324334 1154147726,3,1563324349 1563324343 1154147727 1563324348 1154147726 cluster_1563324004_1563324334,ppa_random_cair_24_3,20000,True,75.47873055555556,38.793325,93.82143333333332,626,290,626,2.9723119641444544
ppa_random,False,cair,3,1563324011 cluster_1563324002_1563324346 1154147727,3,1563324336 1154147727 1154147728 cluster_1563324002_1563324346 1563324011,ppa_random_cair_19_3,20000,True,87.70883955802212,77.44131793410328,91.6578863364524,626,626,563,1.4638118979084274
ppa_random,False,iitb,1,4369058864,3,4369058864 -22 668685374 668620103 -222 667357401,ppa_random_iitb_33_3,20000,True,697.5836959421159,421.2285685705712,789.7020717326308,6891,2202,6891,2.0562055076441816
ppa_random,False,grid_5_5,4,20 4 0 15,3,0 15 20 4,ppa_random_grid_5_5_76_3,20000,True,123.77187178076711,92.78270490573586,129.674570233154,820,519,820,1.8645096325212405
ppa_random,False,iitb,1,3215340463,3,5882320075 668620103 3215340463 3215340464,ppa_random_iitb_61_3,20000,True,476.2726211909048,380.816350770154,495.363875275055,2289,1596,2289,1.5544575494567816
ppa_random,False,grid_5_5,1,4,3,0 15 20 4,ppa_random_grid_5_5_73_3,20000,True,297.42041506225934,261.7122068310247,304.2219785348754,1591,1195,1591,1.5364742577906565
ppa_random,False,cair,3,cluster_1563324010_1563324356 1563324011 1563324327,3,1563324336 cluster_1563324333_1563324337 1563324327 1563324011 1563324348 cluster_1563324010_1563324356,ppa_random_cair_59_3,20000,True,82.34830352628742,61.54844408887111,92.7482332449956,572,427,572,1.7726625307726578
ppa_random,False,grid_5_5,2,7 9,3,21 22 9 7 24,ppa_random_grid_5_5_78_3,20000,True,184.97409411411712,131.53133970095513,198.3347827174076,1075,742,1075,1.77831737692911
ppa_random,False,iitb,1,4369058864,3,667357419 -266 667357412 4369058864 -222,ppa_random_iitb_29_3,20000,True,564.8321563676966,365.75987401259874,617.2195990927223,3386,1798,3386,1.8812952678117567
ppa_random,False,iitb,3,667357387 667357401 3215340463,3,3215340463 667357401 668685374 667357387,ppa_random_iitb_99_3,20000,True,265.0406539641262,179.25956441288258,282.1968718743749,2672,993,2672,1.8588740614034112
ppa_random,False,grid_5_5,1,12,3,13 1 12 4,ppa_random_grid_5_5_1_3,20000,True,309.389593837535,229.78621448579432,324.5521422854856,1841,1183,1841,1.656932661674418
ppa_random,False,cair,1,1154147728,3,1563324343 cluster_1563324010_1563324356 1154147728 1563324324 1563324348,ppa_random_cair_53_3,20000,True,194.7230640572559,151.74509901980397,211.253050610122,1140,755,1140,1.564367427060246
ppa_random,False,grid_5_5,1,19,3,17 19 21 13 14,ppa_random_grid_5_5_41_3,20000,True,286.99445833750127,225.147644293288,302.4561618485546,2520,981,2520,1.480035897629436
ppa_random,False,iitb,2,667357387 667357401,3,3215340463 667357401 668685374 667357387,ppa_random_iitb_98_3,20000,True,331.6485645833333,218.7102625,354.236225,2817,1223,2817,1.8769471395345425
ppa_random,False,iitb,3,668685374 667357401 cluster_-172_5366445082,3,4369058864 cluster_-172_5366445082 668685374 667357401,ppa_random_iitb_27_3,20000,True,263.7473578048943,156.7142053410682,285.1539882976596,2330,802,2330,2.142264160991048
ppa_random,False,grid_5_5,2,15 24,3,20 10 6 1 24 15,ppa_random_grid_5_5_46_3,20000,True,175.66057388522296,135.5548806905285,188.32552963091592,995,620,995,1.6457934840723647
ppa_random,False,grid_5_5,3,1 12 4,3,13 1 12 4,ppa_random_grid_5_5_3_3,20000,True,146.08164624693703,101.60795369305396,154.55282578101003,932,700,932,1.819002118317694
ppa_random,False,iitb,4,3215340463 5882320075 668620103 3215340464,3,5882320075 668620103 3215340463 3215340464,ppa_random_iitb_64_3,20000,True,165.78996058727463,127.42274522547746,173.46340365963405,986,632,986,1.7564264178713125
ppa_random,False,iitb,2,3215340464 3215340463,3,5882320075 668620103 3215340463 3215340464,ppa_random_iitb_62_3,20000,True,283.7272808728413,217.6731096219244,296.93811512302466,1517,1109,1517,1.7523261944639472
ppa_random,False,cair,4,cluster_1563324004_1563324334 cluster_1563324333_1563324337 1563324327 1563324343,3,1563324327 cluster_1563324333_1563324337 cluster_1563324004_1563324334 1563324343,ppa_random_cair_88_3,20000,True,67.19472643118691,36.35867880182028,76.00502575386308,536,218,536,2.9170007893160803
ppa_random,False,cair,3,cluster_1563324010_1563324356 1563324324 1563324348,3,1563324343 cluster_1563324010_1563324356 1154147728 1563324324 1563324348,ppa_random_cair_55_3,20000,True,85.62367321307504,64.20486145843753,93.86167773408948,596,346,596,1.6826611188687932
ppa_random,False,iitb,4,-222 4369058864 667357401 -22,3,4369058864 -22 668685374 668620103 -222 667357401,ppa_random_iitb_36_3,20000,True,219.1067432346864,140.64227987735785,245.261564353796,2354,1177,2354,2.0932636114357144
ppa_random,False,grid_5_5,1,13,3,13 17 21 0,ppa_random_grid_5_5_37_3,20000,True,282.4910873261978,211.10064269280784,296.0892672563674,1556,968,1556,1.6171989969633018
ppa_random,False,iitb,3,667357412 -266 -222,3,667357419 -266 667357412 4369058864 -222,ppa_random_iitb_31_3,20000,True,233.97568611277745,157.49055188962208,254.1033530136078,1879,1011,1879,1.884442872729725
ppa_random,False,grid_5_5,3,21 22 9,3,21 22 9 7 24,ppa_random_grid_5_5_79_3,20000,True,136.92855828834232,100.92439512097582,145.92959908018395,852,572,852,1.7996667560378123
ppa_random,False,cair,3,cluster_1563324004_1563324334 cluster_1563324002_1563324346 1563324349,3,1563324324 cluster_1563324002_1563324346 cluster_1563324004_1563324334 1563324349 1154147728 1563324357,ppa_random_cair_95_3,20000,True,87.9719680428466,59.85442605463606,102.03073903695184,627,447,627,2.0190472091848832
ppa_random,False,iitb,4,667357387 667357361 5882320075 1990860598,3,5882320075 -22 667357387 1990860598 667357361,ppa_random_iitb_68_3,20000,True,154.5229857740865,158.3588932806324,153.51353643025865,1022,1022,1001,1.0908985264121294
ppa_random,False,grid_5_5,1,23,3,22 9 0 10 23 24,ppa_random_grid_5_5_81_3,20000,True,271.9953682315884,251.228146925987,278.5534381175678,1338,972,1338,1.239903803393764
ppa_random,False,grid_5_5,1,24,3,10 15 24 18 2 23,ppa_random_grid_5_5_9_3,20000,True,288.9254209158168,249.19724388455643,301.4711610309517,1526,1200,1526,1.3799017067578114
ppa_random,False,iitb,3,3215340463 668620103 3215340464,3,5882320075 668620103 3215340463 3215340464,ppa_random_iitb_63_3,20000,True,201.009018127895,148.70141457562733,211.4705388383485,1318,789,1318,1.762533221784882
ppa_random,False,iitb,2,-22 4369058864,5,4369058864 -22 668685374 668620103 -222 667357401,ppa_random_iitb_34_5,20000,True,334.4449146538647,269.32359020519743,356.1520228034205,2050,1467,2050,1.542039367555618
ppa_random,False,cair,4,cluster_1563324010_1563324356 1154147728 1563324324 1563324343,5,1563324343 cluster_1563324010_1563324356 1154147728 1563324324 1563324348,ppa_random_cair_56_5,20000,True,65.80259042603426,49.79259037048148,71.96028275509302,480,320,480,1.7002730763945546
ppa_random,False,grid_5_5,1,13,5,13 17 21 0,ppa_random_grid_5_5_37_5,20000,True,277.2699084862729,225.5524578686803,287.1208514610525,1572,965,1572,1.4508753426587797
ppa_random,False,iitb,4,667357415 1990860600 667357401 667357361,5,667357401 5366445083 667357361 1990860600 667357415 -22,ppa_random_iitb_72_5,20000,True,172.81645044909928,144.258711193321,182.3356968676921,1402,791,1402,1.448241943561604
ppa_random,False,grid_5_5,3,11 13 4,5,4 13 0 11 16,ppa_random_grid_5_5_7_5,20000,True,130.2710824458777,125.26033698315084,131.52376881155942,827,735,827,1.255246566570494
ppa_random,False,iitb,2,4369058864 5366445083,5,667357387 2055461156 -282 667357412 5366445083 4369058864,ppa_random_iitb_106_5,20000,True,303.2529331565518,272.53958406297426,313.4907161877443,1638,1258,1638,1.3353997421689503
ppa_random,False,cair,3,cluster_1563324002_1563324346 1563324324 1563324348,5,1563324353 1563324348 1563324324 cluster_1563324002_1563324346,ppa_random_cair_51_5,20000,True,80.08029320756185,54.01836158192091,87.52655938631639,603,359,603,1.9775261510862148
ppa_random,False,iitb,4,3215340463 5882320075 668620103 3215340464,5,5882320075 668620103 3215340463 3215340464,ppa_random_iitb_64_5,20000,True,156.41331908475823,123.52788471152884,162.99040595940406,1162,623,1162,1.7418389807247536
ppa_random,False,cair,3,cluster_1563324004_1563324334 cluster_1563324002_1563324346 1563324349,5,1563324324 cluster_1563324002_1563324346 cluster_1563324004_1563324334 1563324349 1154147728 1563324357,ppa_random_cair_95_5,20000,True,82.71475,59.33029166666668,94.40697916666667,621,433,621,1.8389438034757577
ppa_random,False,grid_5_5,4,17 0 21 13,5,13 17 21 0,ppa_random_grid_5_5_40_5,20000,True,102.0027581379069,82.11761838091904,105.7904038059046,636,503,636,1.547034818093504
ppa_random,False,grid_5_5,3,13 17 21,5,13 17 21 0,ppa_random_grid_5_5_39_5,20000,True,129.8873989595838,108.36812224889955,133.98630880923798,776,581,776,1.4708629414821115
ppa_random,False,grid_5_5,1,24,5,10 15 24 18 2 23,ppa_random_grid_5_5_9_5,20000,True,263.14328316415816,219.86328483090816,276.8106510588688,1474,974,1474,1.3920989357126936
ppa_random,False,iitb,3,667357387 667357361 5882320075,5,5882320075 -22 667357387 1990860598 667357361,ppa_random_iitb_67_5,20000,True,186.1674061021129,190.46464707058587,185.03655321567263,1224,890,1224,1.0807633253285618
ppa_random,False,cair,2,1563324336 1154147727,5,1563324336 1154147727 1154147728 cluster_1563324002_1563324346 1563324011,ppa_random_cair_18_5,20000,True,112.669377642229,113.99883005849708,112.1580497898182,757,757,685,1.1959784652782808
ppa_random,False,cair,3,cluster_1563324010_1563324356 1563324324 1563324348,5,1563324343 cluster_1563324010_1563324356 1154147728 1563324324 1563324348,ppa_random_cair_55_5,20000,True,87.32125096542259,66.12936940541083,95.4719746423502,566,436,566,1.6957624932062043
ppa_random,False,cair,1,cluster_1563324004_1563324334,5,1563324327 cluster_1563324333_1563324337 cluster_1563324004_1563324334 1563324343,ppa_random_cair_85_5,20000,True,185.95547054705472,118.5422792279228,205.21638235252087,1150,589,1150,2.0889465321546505
ppa_random,False,cair,4,1563324011 1563324336 cluster_1563324002_1563324346 1154147727,5,1563324336 1154147727 1154147728 cluster_1563324002_1563324346 1563324011,ppa_random_cair_20_5,20000,True,63.048452777777776,62.32856,63.32533461538461,479,479,427,1.3298966046614564
ppa_random,False,cair,3,1563324011 cluster_1563324002_1563324346 1154147727,5,1563324336 1154147727 1154147728 cluster_1563324002_1563324346 1563324011,ppa_random_cair_19_5,20000,True,78.8651976308742,80.90477047704769,78.0807465361921,679,679,607,1.1866960150527404
ppa_random,False,cair,3,1563324336 1563324349 1154147728,5,1563324324 1154147728 1563324349 1563324336,ppa_random_cair_15_5,20000,True,87.30605969701514,66.27793610319485,93.31409500953524,687,371,687,1.8283555910084752
ppa_random,False,grid_5_5,4,15 10 2 24,5,10 15 24 18 2 23,ppa_random_grid_5_5_12_5,20000,True,102.6702807357212,86.80565837177079,107.68016148223184,648,516,648,1.4337631902146435
ppa_random,False,iitb,1,668685374,5,4369058864 cluster_-172_5366445082 668685374 667357401,ppa_random_iitb_25_5,20000,True,527.4222119300354,387.0525360504707,555.4961471059484,3882,2289,3882,1.6588297285409987
ppa_random,False,iitb,3,3215340463 668620103 3215340464,5,5882320075 668620103 3215340463 3215340464,ppa_random_iitb_63_5,20000,True,218.82546289352203,165.7926353682316,229.4320283985801,1417,790,1417,1.72894659686259
ppa_random,False,iitb,1,4369058864,5,667357419 -266 667357412 4369058864 -222,ppa_random_iitb_29_5,20000,True,509.0861109721944,372.2363972794559,545.0991935229151,3038,2129,3038,1.6373994323331722
ppa_random,False,cair,4,cluster_1563324004_1563324334 cluster_1563324333_1563324337 1563324327 1563324343,5,1563324327 cluster_1563324333_1563324337 cluster_1563324004_1563324334 1563324343,ppa_random_cair_88_5,20000,True,74.2432524797866,44.26202800700175,82.809316614868,628,288,628,2.6789952690781
ppa_random,False,iitb,3,1990860600 667357415 -22,5,667357401 5366445083 667357361 1990860600 667357415 -22,ppa_random_iitb_71_5,20000,True,220.6987245195593,190.29809823824525,230.83226661333063,1578,1068,1578,1.2989711696216992
ppa_random,False,grid_5_5,1,12,5,13 1 12 4,ppa_random_grid_5_5_1_5,20000,True,280.7552496248124,230.90590295147567,290.2503632768766,1188,939,1188,1.4331937738908664
ppa_random,False,iitb,4,4369058864 667357387 2055461156 5366445083,5,667357387 2055461156 -282 667357412 5366445083 4369058864,ppa_random_iitb_108_5,20000,True,154.62765181815152,124.76171549511714,164.58296392582963,991,639,991,1.493998696112022
ppa_random,False,grid_5_5,2,15 24,5,20 10 6 1 24 15,ppa_random_grid_5_5_46_5,20000,True,177.46040506075911,148.43709056358455,186.6256622703932,1121,774,1121,1.5326322679082411
ppa_random,False,cair,1,1563324011,5,1563324336 1154147727 1154147728 cluster_1563324002_1563324346 1563324011,ppa_random_cair_17_5,20000,True,186.30969645446817,186.05986898034703,186.4057839445148,1162,1162,800,1.204691769354564
ppa_random,False,iitb,2,4369058864 cluster_-172_5366445082,5,4369058864 cluster_-172_5366445082 668685374 667357401,ppa_random_iitb_26_5,20000,True,316.6427898876779,264.5145610438956,327.0684356564344,2078,1989,2078,1.462899507717105
ppa_random,False,iitb,4,667357387 667357361 5882320075 1990860598,5,5882320075 -22 667357387 1990860598 667357361,ppa_random_iitb_68_5,20000,True,155.73922507165236,159.6782943411318,154.70262789547354,1093,1001,1093,1.081797327392647
ppa_random,False,cair,4,1563324357 1563324324 cluster_1563324004_1563324334 1154147728,5,1563324324 cluster_1563324002_1563324346 cluster_1563324004_1563324334 1563324349 1154147728 1563324357,ppa_random_cair_96_5,20000,True,68.006325,50.285941666666666,76.86651666666667,485,451,485,1.815330558969348
ppa_random,False,iitb,2,4369058864 667357412,5,667357419 -266 667357412 4369058864 -222,ppa_random_iitb_30_5,20000,True,307.87952803465805,218.1036540864784,331.504758021021,1871,1147,1871,1.73994961910929
ppa_random,False,grid_5_5,3,1 6 24,5,20 10 6 1 24 15,ppa_random_grid_5_5_47_5,20000,True,129.0481612645058,105.04024109643858,136.6296097386323,869,622,869,1.6111463132099269
ppa_random,False,iitb,2,3215340464 3215340463,5,5882320075 668620103 3215340463 3215340464,ppa_random_iitb_62_5,20000,True,284.843390158143,209.94690796380544,299.82268659701043,1972,1193,1972,1.7570953817589434
ppa_random,False,iitb,4,668685374 667357401 667357387 3215340463,5,3215340463 667357401 668685374 667357387,ppa_random_iitb_100_5,20000,True,157.54567610493456,120.65875732515472,164.92305986089053,1208,770,1208,1.7183568749036635
ppa_random,False,cair,2,cluster_1563324010_1563324356 1563324324,5,1563324343 cluster_1563324010_1563324356 1154147728 1563324324 1563324348,ppa_random_cair_54_5,20000,True,121.4651346936054,91.64549909981996,132.93422530659976,861,561,861,1.674958827065627
ppa_random,False,cair,2,cluster_1563324004_1563324334 1563324357,5,1563324324 cluster_1563324002_1563324346 cluster_1563324004_1563324334 1563324349 1154147728 1563324357,ppa_random_cair_94_5,20000,True,117.04484775761212,89.71208939553024,130.71122693865306,778,612,778,1.6724668225030177
ppa_random,False,cair,2,1563324324 1563324336,5,1563324324 1154147728 1563324349 1563324336,ppa_random_cair_14_5,20000,True,114.7043361111111,90.6202875,121.58549285714288,897,544,897,1.6213963297716256
ppa_random,False,iitb,4,-222 4369058864 667357401 -22,5,4369058864 -22 668685374 668620103 -222 667357401,ppa_random_iitb_36_5,20000,True,177.48228958333334,132.81603333333334,192.37104166666668,1563,800,1563,1.733468641669899
ppa_random,False,cair,4,1563324336 cluster_1563324010_1563324356 1563324327 1563324011,5,1563324336 cluster_1563324333_1563324337 1563324327 1563324011 1563324348 cluster_1563324010_1563324356,ppa_random_cair_60_5,20000,True,64.31198162314107,50.6833824975418,71.12628118594071,487,487,474,1.7122958299988529
ppa_random,False,grid_5_5,4,24 20 10 6,5,20 10 6 1 24 15,ppa_random_grid_5_5_48_5,20000,True,101.95972053393923,80.49516235917827,108.73800206281112,765,493,765,1.610453465879947
ppa_random,False,cair,1,cluster_1563324002_1563324346,5,1563324324 cluster_1563324002_1563324346 cluster_1563324004_1563324334 1563324349 1154147728 1563324357,ppa_random_cair_93_5,20000,True,198.3128157670952,149.9638587364314,222.4872942824271,1332,950,1332,1.6392269634603374
ppa_random,False,grid_5_5,2,0 13,5,13 17 21 0,ppa_random_grid_5_5_38_5,20000,True,172.860088044022,145.5719859929965,178.05782176802688,824,634,824,1.4721038148341914
ppa_random,False,iitb,3,667357412 667357419 667357401,5,667357387 667357401 668672700 667357412 667357419,ppa_random_iitb_103_5,20000,True,214.9525604795012,167.7264742659931,227.3804779041085,1401,821,1401,1.6300067679519723
ppa_random,False,iitb,3,4369058864 -282 5366445083,5,667357387 2055461156 -282 667357412 5366445083 4369058864,ppa_random_iitb_107_5,20000,True,207.2871460593637,175.41894571938067,217.9098795060247,1164,765,1164,1.4188135678744438
ppa_random,False,iitb,4,4369058864 667357401 cluster_-172_5366445082 668685374,5,4369058864 cluster_-172_5366445082 668685374 667357401,ppa_random_iitb_28_5,20000,True,180.747789472807,135.88569428471425,189.72020851042552,1176,898,1176,1.6889890175411588
ppa_random,False,iitb,1,667357361,5,5882320075 -22 667357387 1990860598 667357361,ppa_random_iitb_65_5,20000,True,476.91304800973865,463.6608334584021,480.4004728916694,2368,1990,2368,1.1044222580162333
ppa_random,False,iitb,1,3215340463,5,5882320075 668620103 3215340463 3215340464,ppa_random_iitb_61_5,20000,True,461.29757324405807,404.82403937440665,472.5922800179882,1921,1804,1921,1.3860452836203792
ppa_random,False,cair,4,1154147728 1563324336 1563324324 1563324349,5,1563324324 1154147728 1563324349 1563324336,ppa_random_cair_16_5,20000,True,64.09311944444445,49.8356125,68.16669285714285,454,300,454,1.7864196994683514
ppa_random,False,iitb,1,4369058864,5,667357387 2055461156 -282 667357412 5366445083 4369058864,ppa_random_iitb_105_5,20000,True,485.524592520374,429.0790960451977,504.33975801209937,2261,1555,2261,1.3434685541480322
ppa_random,False,grid_5_5,4,21 13 14 19,5,17 19 21 13 14,ppa_random_grid_5_5_44_5,20000,True,105.48538492301536,84.71699660067986,110.67748200359928,675,429,675,1.5594752764997073
ppa_random,False,grid_5_5,2,13 21,5,17 19 21 13 14,ppa_random_grid_5_5_42_5,20000,True,167.87630089026706,142.19946984095228,174.2955086525958,998,900,998,1.4175078146295057
ppa_random,False,grid_5_5,2,1 12,5,13 1 12 4,ppa_random_grid_5_5_2_5,20000,True,183.43554222288887,148.06270936453177,190.1732246720997,816,788,816,1.4955798207963211
ppa_random,False,grid_5_5,2,16 13,5,4 13 0 11 16,ppa_random_grid_5_5_6_5,20000,True,168.00729854029194,160.44337132573483,169.89828034393122,915,846,915,1.2432523916239862
ppa_random,False,grid_5_5,2,7 9,5,21 22 9 7 24,ppa_random_grid_5_5_78_5,20000,True,175.62477171575733,141.37288593288994,184.18774316147423,880,776,880,1.5292950931978764
ppa_random,False,cair,3,cluster_1563324010_1563324356 1563324011 1563324327,5,1563324336 cluster_1563324333_1563324337 1563324327 1563324011 1563324348 cluster_1563324010_1563324356,ppa_random_cair_59_5,20000,True,75.35814261028044,59.58069543764898,83.24686619659616,517,428,517,1.6746702820520312
ppa_random,False,cair,2,1154147726 cluster_1563324004_1563324334,5,1563324349 1563324343 1154147727 1563324348 1154147726 cluster_1563324004_1563324334,ppa_random_cair_22_5,20000,True,124.13903058389458,73.52913916116557,149.44397629525906,814,427,814,2.427390390360983
ppa_random,False,iitb,2,667357387 667357401,5,3215340463 667357401 668685374 667357387,ppa_random_iitb_98_5,20000,True,269.60550430043,211.88637613761367,281.1493299329932,1962,1032,1962,1.4969661387650617
ppa_random,False,grid_5_5,1,4,5,0 15 20 4,ppa_random_grid_5_5_73_5,20000,True,274.863592820359,260.2845982700865,277.640544163268,1432,1181,1432,1.3750948276312995
ppa_random,False,iitb,2,667357387 667357419,5,667357387 667357401 668672700 667357412 667357419,ppa_random_iitb_102_5,20000,True,319.85839707058585,253.9673465306939,337.1981472126627,2424,1260,2424,1.5398648850967134
ppa_random,False,cair,1,1154147728,5,1563324324 1154147728 1563324349 1563324336,ppa_random_cair_13_5,20000,True,193.8592351731421,155.01383191595798,204.9579218180519,1181,781,1181,1.5677998489031502
ppa_random,False,cair,1,1563324348,5,1563324349 1563324343 1154147727 1563324348 1154147726 cluster_1563324004_1563324334,ppa_random_cair_21_5,20000,True,206.6311335589228,129.21213181977294,245.3406344284976,1174,734,1174,2.2041326173506843
ppa_random,False,cair,2,1563324357 cluster_1563324010_1563324356,5,cluster_1563324010_1563324356 1154147727 1563324357 414035791 1563324348,ppa_random_cair_90_5,20000,True,115.04082925040832,97.43809619038096,121.81111119657268,719,658,719,1.3838143084876884
ppa_random,False,grid_5_5,1,7,5,21 22 9 7 24,ppa_random_grid_5_5_77_5,20000,True,288.8058337919648,235.26918497023067,302.18999599739834,1365,1147,1365,1.4905534522182229
ppa_random,False,grid_5_5,1,0,5,4 13 0 11 16,ppa_random_grid_5_5_5_5,20000,True,274.8232073585283,266.5528094381124,276.8908068386322,1338,1294,1338,1.1725516918563106
ppa_random,False,grid_5_5,2,10 23,5,10 15 24 18 2 23,ppa_random_grid_5_5_10_5,20000,True,171.1272445510898,140.73776078117712,180.72392363632537,1282,772,1282,1.441286436808496
ppa_random,False,iitb,4,668672700 667357412 667357401 667357387,5,667357387 667357401 668672700 667357412 667357419,ppa_random_iitb_104_5,20000,True,175.62040971042023,134.51681495551335,186.43714517223785,1199,754,1199,1.6731339864098678
ppa_random,False,iitb,3,-22 4369058864 -222,5,4369058864 -22 668685374 668620103 -222 667357401,ppa_random_iitb_35_5,20000,True,238.2762132726697,194.3725980367648,252.910751684638,2062,1324,2062,1.56248535061357
ppa_random,False,grid_5_5,4,1 12 4 13,5,13 1 12 4,ppa_random_grid_5_5_4_5,20000,True,101.70106505325266,78.46453572678634,106.12707063924624,576,427,576,1.662985492206226
ppa_random,False,grid_5_5,3,21 22 9,5,21 22 9 7 24,ppa_random_grid_5_5_79_5,20000,True,123.316924615077,96.53304339132174,130.01289492101577,719,565,719,1.6482492013870755
ppa_random,False,iitb,3,668685374 667357401 cluster_-172_5366445082,5,4369058864 cluster_-172_5366445082 668685374 667357401,ppa_random_iitb_27_5,20000,True,222.2138516834092,157.92395921835174,235.0718301764206,1786,1130,1786,1.7368597420382128
ppa_random,False,cair,1,1563324348,5,cluster_1563324010_1563324356 1154147727 1563324357 414035791 1563324348,ppa_random_cair_89_5,20000,True,185.516498350165,155.69781021897813,196.9852245544677,1062,719,1062,1.3718359662924169
ppa_random,False,cair,2,1563324343 cluster_1563324004_1563324334,5,1563324327 cluster_1563324333_1563324337 cluster_1563324004_1563324334 1563324343,ppa_random_cair_86_5,20000,True,121.26206315859676,75.43955082032814,134.35420954095926,846,415,846,2.3270920767865144
ppa_random,False,cair,3,414035791 1154147727 1563324357,5,cluster_1563324010_1563324356 1154147727 1563324357 414035791 1563324348,ppa_random_cair_91_5,20000,True,80.222508390567,67.10391078215642,85.2681228553403,498,470,498,1.445839599099403
ppa_random,False,cair,2,cluster_1563324333_1563324337 cluster_1563324010_1563324356,5,1563324336 cluster_1563324333_1563324337 1563324327 1563324011 1563324348 cluster_1563324010_1563324356,ppa_random_cair_58_5,20000,True,107.21590365998688,86.1543796472275,117.74666566636655,677,642,677,1.6099711924857216
ppa_random,False,cair,2,cluster_1563324002_1563324346 1563324353,5,1563324353 1563324348 1563324324 cluster_1563324002_1563324346,ppa_random_cair_50_5,20000,True,108.31136899204128,73.25247599039616,118.32819556393984,644,502,644,1.9565112730273444
ppa_random,False,iitb,3,667357387 667357401 3215340463,5,3215340463 667357401 668685374 667357387,ppa_random_iitb_99_5,20000,True,217.68426282371763,173.76543595640436,226.46802819718027,1801,1168,1801,1.522524563493943
ppa_random,False,cair,4,1563324324 1563324353 cluster_1563324002_1563324346 1563324348,5,1563324353 1563324348 1563324324 cluster_1563324002_1563324346,ppa_random_cair_52_5,20000,True,62.80509444444444,43.3099875,68.375125,570,273,570,1.968575744282823
ppa_random,False,iitb,1,1990860600,5,667357401 5366445083 667357361 1990860600 667357415 -22,ppa_random_iitb_69_5,20000,True,506.7707156544197,440.238207114888,528.9482185009302,3044,2377,3044,1.2938369956455438
ppa_random,False,cair,1,1154147728,5,1563324343 cluster_1563324010_1563324356 1154147728 1563324324 1563324348,ppa_random_cair_53_5,20000,True,195.01487762713936,152.27090899995,211.45486556067377,1039,724,1039,1.5366442451263516
ppa_random,False,cair,1,1563324327,5,1563324336 cluster_1563324333_1563324337 1563324327 1563324011 1563324348 cluster_1563324010_1563324356,ppa_random_cair_57_5,20000,True,175.18109722222223,148.480625,188.5313333333333,935,935,918,1.4458094695607426
ppa_random,False,grid_5_5,2,0 15,5,0 15 20 4,ppa_random_grid_5_5_74_5,20000,True,176.66138093095347,157.11559422028898,180.384387923461,903,680,903,1.4659747726195833
ppa_random,False,cair,4,1154147727 1563324349 cluster_1563324004_1563324334 1154147726,5,1563324349 1563324343 1154147727 1563324348 1154147726 cluster_1563324004_1563324334,ppa_random_cair_24_5,20000,True,74.70149548078152,41.89766345016082,91.10341149609188,580,328,580,2.6897957666912773
ppa_random,False,cair,3,1563324327 cluster_1563324333_1563324337 1563324343,5,1563324327 cluster_1563324333_1563324337 cluster_1563324004_1563324334 1563324343,ppa_random_cair_87_5,20000,True,85.47838780827931,50.09339216960848,95.58838656218524,672,295,672,2.484247642984057
ppa_random,False,iitb,1,667357387,5,3215340463 667357401 668685374 667357387,ppa_random_iitb_97_5,20000,True,508.5551373117903,363.1232804762143,537.6415086789056,4208,2093,4208,1.649657342786016
ppa_random,False,grid_5_5,3,23 10 22,5,22 9 0 10 23 24,ppa_random_grid_5_5_83_5,20000,True,125.40141192940352,123.61063613485992,125.96692007504888,696,597,696,1.1556600804851418
ppa_random,False,iitb,2,667357415 1990860600,5,667357401 5366445083 667357361 1990860600 667357415 -22,ppa_random_iitb_70_5,20000,True,311.153505261227,258.2022695816032,328.80391715443494,2452,1078,2452,1.3930996035709549
ppa_random,False,grid_5_5,4,10 22 23 0,5,22 9 0 10 23 24,ppa_random_grid_5_5_84_5,20000,True,98.08800840042002,96.38501091721254,98.62579707932764,602,602,581,1.2162613967916658
ppa_random,False,iitb,2,5882320075 -22,5,5882320075 -22 667357387 1990860598 667357361,ppa_random_iitb_66_5,20000,True,267.00792549823365,264.79932013597283,267.5891374356708,1871,1537,1871,1.0885733664724018
ppa_random,False,grid_5_5,1,24,5,20 10 6 1 24 15,ppa_random_grid_5_5_45_5,20000,True,282.0667406518696,234.9136755982137,296.9571822477609,1517,901,1517,1.4533905195657746
ppa_random,False,grid_5_5,3,1 12 4,5,13 1 12 4,ppa_random_grid_5_5_3_5,20000,True,133.29820835832834,104.59786792641472,138.764939869169,829,516,829,1.5932367189685734
ppa_random,False,grid_5_5,1,23,5,22 9 0 10 23 24,ppa_random_grid_5_5_81_5,20000,True,268.3192420378981,263.7955268903221,269.74778366344844,1195,1195,1126,1.136965622334584
ppa_random,False,grid_5_5,3,15 23 10,5,10 15 24 18 2 23,ppa_random_grid_5_5_11_5,20000,True,122.52924415116976,101.71536526028127,129.10204801145034,742,639,742,1.4433001131200074
ppa_random,False,grid_5_5,3,15 20 0,5,0 15 20 4,ppa_random_grid_5_5_75_5,20000,True,129.44968848442423,119.3405170258513,131.37524495272382,816,740,816,1.4608876485035989
ppa_random,False,cair,4,414035791 1154147727 1563324357 cluster_1563324010_1563324356,5,cluster_1563324010_1563324356 1154147727 1563324357 414035791 1563324348,ppa_random_cair_92_5,20000,True,63.76404513107677,52.95917204139793,67.91976555018401,597,382,597,1.478963916583691
ppa_random,False,iitb,1,4369058864,5,4369058864 -22 668685374 668620103 -222 667357401,ppa_random_iitb_33_5,20000,True,582.9830583333332,431.91735,633.3382944444444,4124,1893,4124,1.6389346823900333
ppa_random,False,iitb,4,-266 667357412 -222 4369058864,5,667357419 -266 667357412 4369058864 -222,ppa_random_iitb_32_5,20000,True,164.83974326915063,111.7642110527632,178.80698858925257,1113,780,1113,1.8875523856894807
ppa_random,False,cair,1,1563324324,5,1563324353 1563324348 1563324324 cluster_1563324002_1563324346,ppa_random_cair_49_5,20000,True,184.0778250118085,121.2289697424356,202.0346408030579,1001,600,1001,1.926644640814525
ppa_random,False,grid_5_5,1,19,5,17 19 21 13 14,ppa_random_grid_5_5_41_5,20000,True,273.72339250887626,228.72854928239235,284.9721033154973,1584,843,1584,1.3826936365763245
ppa_random,False,iitb,3,667357412 -266 -222,5,667357419 -266 667357412 4369058864 -222,ppa_random_iitb_31_5,20000,True,211.65469195379308,145.94962244336648,228.9454997196948,1376,809,1376,1.8108657802115533
ppa_random,False,grid_5_5,2,23 0,5,22 9 0 10 23 24,ppa_random_grid_5_5_82_5,20000,True,169.390589176753,165.63023907172152,170.5780681572893,883,740,883,1.1584602702025089
ppa_random,False,grid_5_5,4,11 0 4 16,5,4 13 0 11 16,ppa_random_grid_5_5_8_5,20000,True,94.3725678851828,90.84609691453716,95.25418562784418,553,551,553,1.2615557827803667
ppa_random,False,cair,3,1563324343 cluster_1563324004_1563324334 1563324348,5,1563324349 1563324343 1154147727 1563324348 1154147726 cluster_1563324004_1563324334,ppa_random_cair_23_5,20000,True,93.36465,52.98728333333334,113.55333333333336,777,340,777,2.605879760543563
ppa_random,False,iitb,1,667357412,5,667357387 667357401 668672700 667357412 667357419,ppa_random_iitb_101_5,20000,True,514.750560640923,384.1676570628251,549.1144826351592,2914,1670,2914,1.6050519041583104
ppa_random,False,grid_5_5,4,20 4 0 15,5,0 15 20 4,ppa_random_grid_5_5_76_5,20000,True,106.68507098580282,94.50498650269948,109.00508707782252,740,432,740,1.541551767415882
ppa_random,False,grid_5_5,4,22 24 7 21,5,21 22 9 7 24,ppa_random_grid_5_5_80_5,20000,True,103.56962248112406,79.69616480824041,109.53798689934496,547,535,547,1.7297023473696271
ppa_random,False,grid_5_5,3,14 17 19,5,17 19 21 13 14,ppa_random_grid_5_5_43_5,20000,True,127.67497300539893,107.67576484703059,132.674775044991,778,574,778,1.4813458098709444
