use_sim_time,graph,init_bots,priority_nodes,init_locations,done,sim_length,random_string,algo_name,parameters,avg_idle,priority_avg_idle,non_priority_avg_idle,max_idle,priority_max_idle,non_priority_max_idle,avg_ratio
True,cair,1,1563324336 cluster_1563324333_1563324337 1563324327 1563324011 1563324348 cluster_1563324010_1563324356,1563324327,False,20000,ppa_greedy_cair_57_0,ppa_greedy,0,207.97384444444444,126.3819,248.76981666666663,1100,524,1100,2.129857731615397
True,cair,3,1563324336 1154147727 1154147728 cluster_1563324002_1563324346 1563324011,1563324011 cluster_1563324002_1563324346 1154147727,False,20000,ppa_greedy_cair_19_0,ppa_greedy,0,93.46076437509724,72.8626925385077,101.38309969686244,807,498,807,1.623567341786628
True,iitb,2,667357419 -266 667357412 4369058864 -222,4369058864 667357412,False,20000,ppa_greedy_iitb_30_0,ppa_greedy,0,373.2673654516059,185.7240662033101,422.62086525378896,3194,1113,3194,2.563857513261848
True,grid_5_5,1,22 9 0 10 23 24,23,False,20000,ppa_greedy_grid_5_5_81_0,ppa_greedy,0,286.5735007503752,236.40374353843592,302.41658197519814,1416,1043,1416,1.4590990546652738
True,cair,3,1563324343 cluster_1563324010_1563324356 1154147728 1563324324 1563324348,cluster_1563324010_1563324356 1563324324 1563324348,False,20000,ppa_greedy_cair_55_0,ppa_greedy,0,98.76884399775544,51.46443322166108,116.96284814240713,805,313,805,2.554931296674612
True,cair,1,1563324324 cluster_1563324002_1563324346 cluster_1563324004_1563324334 1563324349 1154147728 1563324357,cluster_1563324002_1563324346,False,20000,ppa_greedy_cair_93_0,ppa_greedy,0,232.65618364737924,140.27347840586958,278.8475362681341,1606,796,1606,2.268683208555307
True,grid_5_5,3,13 17 21 0,13 17 21,False,20000,ppa_greedy_grid_5_5_39_0,ppa_greedy,0,127.20545427271362,93.27197609880494,133.66897392488673,705,528,705,1.7058794276505138
True,iitb,1,4369058864 cluster_-172_5366445082 668685374 667357401,668685374,False,20000,ppa_greedy_iitb_25_0,ppa_greedy,0,607.6723305629265,357.277236769639,657.7513493215841,3822,1459,3822,2.0512391479300582
True,cair,3,1563324324 cluster_1563324002_1563324346 cluster_1563324004_1563324334 1563324349 1154147728 1563324357,cluster_1563324004_1563324334 cluster_1563324002_1563324346 1563324349,False,20000,ppa_greedy_cair_95_0,ppa_greedy,0,97.65934685623168,54.31403236828508,119.332004100205,764,338,764,2.579596794038756
True,grid_5_5,3,21 22 9 7 24,21 22 9,False,20000,ppa_greedy_grid_5_5_79_0,ppa_greedy,0,548.8054502725136,90.25750287514374,663.4424371218561,19998,666,19998,8.85571965741198
True,grid_5_5,1,4 13 0 11 16,0,False,20000,ppa_greedy_grid_5_5_5_0,ppa_greedy,0,327.7563035973382,234.4856256566769,351.0739730825037,2543,912,2543,1.7237319414556247
True,iitb,4,3215340463 667357401 668685374 667357387,668685374 667357401 667357387 3215340463,False,20000,ppa_greedy_iitb_100_0,ppa_greedy,0,167.19852181448522,118.69751774822518,176.8987226277372,1294,735,1294,1.7797734998076566
True,cair,4,1563324336 cluster_1563324333_1563324337 1563324327 1563324011 1563324348 cluster_1563324010_1563324356,1563324336 cluster_1563324010_1563324356 1563324327 1563324011,False,20000,ppa_greedy_cair_60_0,ppa_greedy,0,76.3406,39.52853333333333,94.74663333333334,532,294,532,2.7866071659321365
True,iitb,1,667357401 5366445083 667357361 1990860600 667357415 -22,1990860600,False,20000,ppa_greedy_iitb_69_0,ppa_greedy,0,647.4874974994999,434.7400230046009,718.4033223311328,5951,2225,5951,1.803849484209885
True,grid_5_5,4,17 19 21 13 14,21 13 14 19,False,20000,ppa_greedy_grid_5_5_44_0,ppa_greedy,0,502.4891144557228,77.97442872143607,608.6177858892945,19998,496,19998,9.18088435474012
True,grid_5_5,2,22 9 0 10 23 24,23 0,False,20000,ppa_greedy_grid_5_5_82_0,ppa_greedy,0,171.03333933213358,154.5585049656735,176.23591860575254,967,694,967,1.340830496526926
True,cair,1,1563324349 1563324343 1154147727 1563324348 1154147726 cluster_1563324004_1563324334,1563324348,False,20000,ppa_greedy_cair_21_0,ppa_greedy,0,286.37519867071234,106.4638058084092,376.3308951018639,2104,431,2104,3.865223264655675
True,iitb,2,5882320075 668620103 3215340463 3215340464,3215340464 3215340463,False,20000,ppa_greedy_iitb_62_0,ppa_greedy,0,281.50909530478856,186.623762004802,300.4861619647859,2304,885,2304,2.1463331965845582
True,grid_5_5,1,13 1 12 4,12,False,20000,ppa_greedy_grid_5_5_1_0,ppa_greedy,0,709.546497223195,257.251188272377,795.6979846423984,19986,1123,19986,3.287744143111041
True,grid_5_5,1,10 15 24 18 2 23,24,False,20000,ppa_greedy_grid_5_5_9_0,ppa_greedy,0,326.32415316936607,211.60586216090115,362.5509819088814,2196,791,2196,1.9460723881679391
True,grid_5_5,2,0 15 20 4,0 15,False,20000,ppa_greedy_grid_5_5_74_0,ppa_greedy,0,228.61214539273035,131.63185590720465,247.08458148521143,1360,744,1360,2.266796594434854
True,grid_5_5,2,20 10 6 1 24 15,15 24,False,20000,ppa_greedy_grid_5_5_46_0,ppa_greedy,0,192.3124537361209,120.72017438564902,214.92054195205927,1078,657,1078,2.031138473598871
True,grid_5_5,2,10 15 24 18 2 23,10 23,False,20000,ppa_greedy_grid_5_5_10_0,ppa_greedy,0,180.7095458183273,127.77136688008538,197.42686548303533,1186,588,1186,1.724071511403121
True,iitb,3,4369058864 cluster_-172_5366445082 668685374 667357401,668685374 667357401 cluster_-172_5366445082,False,20000,ppa_greedy_iitb_27_0,ppa_greedy,0,261.23898247192506,149.30569579126262,283.6256398080576,2351,757,2351,2.224451208403668
True,grid_5_5,3,20 10 6 1 24 15,1 6 24,False,20000,ppa_greedy_grid_5_5_47_0,ppa_greedy,0,145.04411117776448,92.46388222355527,161.64839400540947,921,524,921,2.042426559733171
True,iitb,3,667357401 5366445083 667357361 1990860600 667357415 -22,1990860600 667357415 -22,False,20000,ppa_greedy_iitb_71_0,ppa_greedy,0,260.9652670101202,180.5434318678204,287.7725453908868,3093,990,3093,1.755658542299522
True,cair,2,1563324327 cluster_1563324333_1563324337 cluster_1563324004_1563324334 1563324343,1563324343 cluster_1563324004_1563324334,False,20000,ppa_greedy_cair_86_0,ppa_greedy,0,144.2721205250464,60.37567520256077,168.242533474328,931,392,931,3.533168836601912
True,iitb,1,3215340463 667357401 668685374 667357387,667357387,False,20000,ppa_greedy_iitb_97_0,ppa_greedy,0,568.5640175219024,371.4741051314143,607.982,2891,1410,2891,1.828307323578747
True,iitb,1,5882320075 -22 667357387 1990860598 667357361,667357361,False,20000,ppa_greedy_iitb_65_0,ppa_greedy,0,518.0442555905748,476.2066036319976,529.0541640007267,2463,2310,2463,1.1727939979797368
True,cair,3,1563324349 1563324343 1154147727 1563324348 1154147726 cluster_1563324004_1563324334,1563324343 cluster_1563324004_1563324334 1563324348,False,20000,ppa_greedy_cair_23_0,ppa_greedy,0,115.72631748571936,42.703198973127954,152.2378767420151,971,280,971,4.133921732224682
True,iitb,2,667357387 2055461156 -282 667357412 5366445083 4369058864,4369058864 5366445083,False,20000,ppa_greedy_iitb_106_0,ppa_greedy,0,318.1047677985031,249.3044873397677,341.0381946180816,2810,1304,2810,1.5673533030704063
True,iitb,2,3215340463 667357401 668685374 667357387,667357387 667357401,False,20000,ppa_greedy_iitb_98_0,ppa_greedy,0,295.0789130688254,193.5291200279832,315.38887167699386,2447,1046,2447,1.8742579807714728
True,cair,2,1563324324 cluster_1563324002_1563324346 cluster_1563324004_1563324334 1563324349 1154147728 1563324357,cluster_1563324004_1563324334 1563324357,False,20000,ppa_greedy_cair_94_0,ppa_greedy,0,133.78381944444448,72.28361666666666,164.53392083333335,949,476,949,2.568470577470062
True,iitb,4,5882320075 668620103 3215340463 3215340464,3215340463 5882320075 668620103 3215340464,False,20000,ppa_greedy_iitb_64_0,ppa_greedy,0,181.60509574042595,134.79935756424356,190.9662433756625,1783,866,1783,1.8847835169861693
True,grid_5_5,2,21 22 9 7 24,7 9,False,20000,ppa_greedy_grid_5_5_78_0,ppa_greedy,0,594.2527223611805,124.7584892446223,711.6262806403203,19989,701,19989,6.552580065472072
True,iitb,3,5882320075 -22 667357387 1990860598 667357361,667357387 667357361 5882320075,False,20000,ppa_greedy_iitb_67_0,ppa_greedy,0,196.0751296092552,182.93350670134024,199.5334514271276,1138,967,1138,1.1792110263761624
True,grid_5_5,3,10 15 24 18 2 23,15 23 10,False,20000,ppa_greedy_grid_5_5_11_0,ppa_greedy,0,137.31715557333598,94.52207831174675,150.8313904980484,1085,471,1085,1.7940288523934618
True,cair,3,cluster_1563324010_1563324356 1154147727 1563324357 414035791 1563324348,414035791 1154147727 1563324357,False,20000,ppa_greedy_cair_91_0,ppa_greedy,0,93.48142127522412,58.60563197118992,106.89518639216033,790,359,790,2.044833346735191
True,iitb,2,5882320075 -22 667357387 1990860598 667357361,5882320075 -22,False,20000,ppa_greedy_iitb_66_0,ppa_greedy,0,288.554475478429,274.6171634326866,292.2221891746771,1631,1319,1631,1.1452240679004695
True,grid_5_5,4,0 15 20 4,20 4 0 15,False,20000,ppa_greedy_grid_5_5_76_0,ppa_greedy,0,129.81385922815437,69.875899820036,141.2306134011293,873,415,873,2.5243657661804884
True,grid_5_5,3,0 15 20 4,15 20 0,False,20000,ppa_greedy_grid_5_5_75_0,ppa_greedy,0,165.41454309138172,94.42833933213358,178.93572475980994,1084,519,1084,2.332978706576172
True,iitb,1,667357387 2055461156 -282 667357412 5366445083 4369058864,4369058864,False,20000,ppa_greedy_iitb_105_0,ppa_greedy,0,567.1871894280474,426.6491412372852,614.0332054916346,5651,1794,5651,1.6293841673751748
True,iitb,3,5882320075 668620103 3215340463 3215340464,3215340463 668620103 3215340464,False,20000,ppa_greedy_iitb_63_0,ppa_greedy,0,209.6322458333333,160.5911625,219.4404625,1524,858,1524,1.7288210404816209
True,iitb,1,667357387 667357401 668672700 667357412 667357419,667357412,False,20000,ppa_greedy_iitb_101_0,ppa_greedy,0,670.9882345098822,425.0845215478452,735.6997379209447,5528,2725,5528,2.039201354533129
True,iitb,2,667357387 667357401 668672700 667357412 667357419,667357387 667357419,False,20000,ppa_greedy_iitb_102_0,ppa_greedy,0,357.6855196926513,215.8798239911996,395.0028080351386,3409,1060,3409,2.1856296445129546
True,grid_5_5,4,13 1 12 4,1 12 4 13,False,20000,ppa_greedy_grid_5_5_4_0,ppa_greedy,0,505.7466326734653,82.0122225554889,586.4579488864132,20003,508,20003,8.71164691785434
True,cair,2,1563324336 1154147727 1154147728 cluster_1563324002_1563324346 1563324011,1563324336 1154147727,False,20000,ppa_greedy_cair_18_0,ppa_greedy,0,137.55354176735608,107.55678216089196,149.0907570006115,776,499,776,1.4883553401865317
True,cair,2,1563324336 cluster_1563324333_1563324337 1563324327 1563324011 1563324348 cluster_1563324010_1563324356,cluster_1563324333_1563324337 cluster_1563324010_1563324356,False,20000,ppa_greedy_cair_58_0,ppa_greedy,0,129.77459460360316,73.83624985417396,157.74376697831778,789,388,789,2.3897982273517533
True,grid_5_5,2,13 1 12 4,1 12,False,20000,ppa_greedy_grid_5_5_2_0,ppa_greedy,0,585.7592097629289,138.73803391017304,670.906100401549,19993,675,19993,5.232234053525963
True,cair,4,1563324336 1154147727 1154147728 cluster_1563324002_1563324346 1563324011,1563324011 1563324336 cluster_1563324002_1563324346 1154147727,False,20000,ppa_greedy_cair_20_0,ppa_greedy,0,74.43930329189304,59.714818518148185,80.1025666664103,540,449,540,1.608074798808648
True,iitb,3,667357387 2055461156 -282 667357412 5366445083 4369058864,4369058864 -282 5366445083,False,20000,ppa_greedy_iitb_107_0,ppa_greedy,0,195.5476372014733,154.2153059013716,209.3250809681738,1972,925,1972,1.4905063909987042
True,grid_5_5,2,17 19 21 13 14,13 21,False,20000,ppa_greedy_grid_5_5_42_0,ppa_greedy,0,575.2937648824413,138.51721860930465,684.4879014507253,19989,710,19989,5.670914457960291
True,cair,3,1563324327 cluster_1563324333_1563324337 cluster_1563324004_1563324334 1563324343,1563324327 cluster_1563324333_1563324337 1563324343,False,20000,ppa_greedy_cair_87_0,ppa_greedy,0,110.2730474587382,45.759537023148845,128.70547901176369,951,356,951,3.899563397895135
True,iitb,4,5882320075 -22 667357387 1990860598 667357361,667357387 667357361 5882320075 1990860598,False,20000,ppa_greedy_iitb_68_0,ppa_greedy,0,151.8242745470607,141.25018250912547,154.60693034651732,871,725,871,1.208030100160824
True,iitb,2,4369058864 cluster_-172_5366445082 668685374 667357401,4369058864 cluster_-172_5366445082,False,20000,ppa_greedy_iitb_26_0,ppa_greedy,0,355.9796574634456,208.894775671485,385.39663382183767,3309,949,3309,2.132053730809645
True,iitb,3,667357387 667357401 668672700 667357412 667357419,667357412 667357419 667357401,False,20000,ppa_greedy_iitb_103_0,ppa_greedy,0,260.9207512664134,155.13423315336934,288.7593086645829,2343,955,2343,2.169120635391798
True,grid_5_5,2,4 13 0 11 16,16 13,False,20000,ppa_greedy_grid_5_5_6_0,ppa_greedy,0,216.9860713035652,167.54402720136008,229.34658232911644,1586,1002,1586,1.5900038754564392
True,cair,1,1563324343 cluster_1563324010_1563324356 1154147728 1563324324 1563324348,1154147728,False,20000,ppa_greedy_cair_53_0,ppa_greedy,0,243.58551132891068,133.06174617461744,286.0946517728696,1642,561,1642,2.2924980022568744
True,iitb,4,4369058864 cluster_-172_5366445082 668685374 667357401,4369058864 667357401 cluster_-172_5366445082 668685374,False,20000,ppa_greedy_iitb_28_0,ppa_greedy,0,201.3917287406889,117.34106134079887,218.20186222066687,1981,637,1981,2.138703515879166
True,cair,2,1563324343 cluster_1563324010_1563324356 1154147728 1563324324 1563324348,cluster_1563324010_1563324356 1563324324,False,20000,ppa_greedy_cair_54_0,ppa_greedy,0,134.15534778816615,73.00987950602469,157.67283558898978,878,383,878,2.393088004299422
True,grid_5_5,1,21 22 9 7 24,7,False,20000,ppa_greedy_grid_5_5_77_0,ppa_greedy,0,710.0440462023101,185.66816340817044,841.1380169008451,19998,866,19998,4.987060155506577
True,cair,4,1563324324 cluster_1563324002_1563324346 cluster_1563324004_1563324334 1563324349 1154147728 1563324357,1563324357 1563324324 cluster_1563324004_1563324334 1154147728,False,20000,ppa_greedy_cair_96_0,ppa_greedy,0,78.4771132336517,42.79003517194246,96.32065226450636,664,288,664,2.6368687225841407
True,cair,4,cluster_1563324010_1563324356 1154147727 1563324357 414035791 1563324348,414035791 1154147727 1563324357 cluster_1563324010_1563324356,False,20000,ppa_greedy_cair_92_0,ppa_greedy,0,72.9731930070163,45.67601619919004,83.47210716387258,649,307,649,2.057834729691485
True,cair,3,1563324324 1154147728 1563324349 1563324336,1563324336 1563324349 1154147728,False,20000,ppa_greedy_cair_15_0,ppa_greedy,0,116.91201944444444,57.338875,133.93291785714283,929,327,929,2.823188248431252
True,iitb,2,667357401 5366445083 667357361 1990860600 667357415 -22,667357415 1990860600,False,20000,ppa_greedy_iitb_70_0,ppa_greedy,0,352.32986788363763,243.2558222889056,388.6878830818816,3291,1604,3291,1.7847474899392426
True,grid_5_5,4,22 9 0 10 23 24,10 22 23 0,False,20000,ppa_greedy_grid_5_5_84_0,ppa_greedy,0,99.320149970006,88.91623341998266,102.60559730159233,715,519,715,1.3656499661689254
True,grid_5_5,1,0 15 20 4,4,False,20000,ppa_greedy_grid_5_5_73_0,ppa_greedy,0,328.50451425712856,199.7123311655828,353.03635865551826,1451,905,1451,1.9834660778998168
True,cair,1,cluster_1563324010_1563324356 1154147727 1563324357 414035791 1563324348,1563324348,False,20000,ppa_greedy_cair_89_0,ppa_greedy,0,226.4866547795609,137.02602609608556,260.89458888858974,1772,555,1772,2.040543049434603
True,cair,3,1563324353 1563324348 1563324324 cluster_1563324002_1563324346,cluster_1563324002_1563324346 1563324324 1563324348,False,20000,ppa_greedy_cair_51_0,ppa_greedy,0,96.67516281033984,44.45530356071215,111.59512259594776,796,271,796,3.0453558514210624
True,iitb,3,4369058864 -22 668685374 668620103 -222 667357401,-22 4369058864 -222,False,20000,ppa_greedy_iitb_35_0,ppa_greedy,0,249.69463476028537,152.9347119423885,281.947942366251,2298,923,2298,2.130181883109901
True,grid_5_5,3,22 9 0 10 23 24,23 10 22,False,20000,ppa_greedy_grid_5_5_83_0,ppa_greedy,0,123.14240351929617,108.78038558954874,127.67777760237426,703,604,703,1.3900911726481775
True,cair,1,1563324324 1154147728 1563324349 1563324336,1154147728,False,20000,ppa_greedy_cair_13_0,ppa_greedy,0,288.73946973486744,142.06628314157078,330.6460944758094,1919,674,1919,2.607748576079953
True,iitb,1,667357419 -266 667357412 4369058864 -222,4369058864,False,20000,ppa_greedy_iitb_29_0,ppa_greedy,0,720.8843882331365,329.0220066019806,824.0060676097565,5956,1696,5956,2.6968700283947133
True,grid_5_5,2,13 17 21 0,0 13,False,20000,ppa_greedy_grid_5_5_38_0,ppa_greedy,0,172.25169366126775,126.59618076384724,180.947981832205,845,611,845,1.557762323117651
True,iitb,3,3215340463 667357401 668685374 667357387,667357387 667357401 3215340463,False,20000,ppa_greedy_iitb_99_0,ppa_greedy,0,206.876079328566,140.9255638345752,220.0661824273641,2145,825,2145,1.8678440693836804
True,iitb,1,4369058864 -22 668685374 668620103 -222 667357401,4369058864,False,20000,ppa_greedy_iitb_33_0,ppa_greedy,0,682.2447992168624,399.4610597350662,776.5060457107945,6717,1635,6717,2.069985080692454
True,cair,4,1563324343 cluster_1563324010_1563324356 1154147728 1563324324 1563324348,cluster_1563324010_1563324356 1154147728 1563324324 1563324343,False,20000,ppa_greedy_cair_56_0,ppa_greedy,0,83.7018315750879,42.68976551172442,99.47570313792004,677,292,677,2.7008084819521883
True,cair,4,1563324327 cluster_1563324333_1563324337 cluster_1563324004_1563324334 1563324343,cluster_1563324004_1563324334 cluster_1563324333_1563324337 1563324327 1563324343,False,20000,ppa_greedy_cair_88_0,ppa_greedy,0,92.04323333333332,35.077575,108.31913571428572,973,287,973,4.372005525430568
True,grid_5_5,1,20 10 6 1 24 15,24,False,20000,ppa_greedy_grid_5_5_45_0,ppa_greedy,0,311.50195529329403,203.4878315080596,345.61167859389434,1694,770,1694,1.883159409111092
True,grid_5_5,1,17 19 21 13 14,19,False,20000,ppa_greedy_grid_5_5_41_0,ppa_greedy,0,666.8604321728691,224.74550820328133,777.389163165266,19991,1080,19991,3.7008731117024265
True,cair,3,1563324336 cluster_1563324333_1563324337 1563324327 1563324011 1563324348 cluster_1563324010_1563324356,cluster_1563324010_1563324356 1563324011 1563324327,False,20000,ppa_greedy_cair_59_0,ppa_greedy,0,89.14097243057638,48.91592492582591,109.25349618295162,628,317,628,2.5847375523428444
True,cair,2,cluster_1563324010_1563324356 1154147727 1563324357 414035791 1563324348,1563324357 cluster_1563324010_1563324356,False,20000,ppa_greedy_cair_90_0,ppa_greedy,0,133.74155,89.22764,150.8622846153846,1013,481,1013,1.861117189176984
True,cair,2,1563324353 1563324348 1563324324 cluster_1563324002_1563324346,cluster_1563324002_1563324346 1563324353,False,20000,ppa_greedy_cair_50_0,ppa_greedy,0,132.6042930808384,60.12074914982997,153.3138770611265,1090,338,1090,3.019380974884745
True,grid_5_5,1,13 17 21 0,13,False,20000,ppa_greedy_grid_5_5_37_0,ppa_greedy,0,296.6688862227555,226.80447660467905,309.9763928166747,1467,878,1467,1.4743954576754388
True,cair,2,1563324349 1563324343 1154147727 1563324348 1154147726 cluster_1563324004_1563324334,1154147726 cluster_1563324004_1563324334,False,20000,ppa_greedy_cair_22_0,ppa_greedy,0,157.48823114399835,59.76917820775628,206.3477576121194,1402,328,1402,3.955771078905944
True,iitb,3,667357419 -266 667357412 4369058864 -222,667357412 -266 -222,False,20000,ppa_greedy_iitb_31_0,ppa_greedy,0,279.0521713409655,134.3661950707394,317.1274282541829,2149,764,2149,2.755274506264217
True,grid_5_5,3,13 1 12 4,1 12 4,False,20000,ppa_greedy_grid_5_5_3_0,ppa_greedy,0,532.7857368526294,105.39434613077384,614.1936207996496,20003,641,20003,6.942244146976641
True,cair,4,1563324324 1154147728 1563324349 1563324336,1154147728 1563324336 1563324324 1563324349,False,20000,ppa_greedy_cair_16_0,ppa_greedy,0,96.7173030237377,46.62229388530574,111.0301627775754,807,292,807,2.8928160878523697
True,cair,1,1563324327 cluster_1563324333_1563324337 cluster_1563324004_1563324334 1563324343,cluster_1563324004_1563324334,False,20000,ppa_greedy_cair_85_0,ppa_greedy,0,239.16158509479675,111.60073264652932,275.6075429371588,1681,640,1681,3.050860589788108
True,iitb,1,5882320075 668620103 3215340463 3215340464,3215340463,False,20000,ppa_greedy_iitb_61_0,ppa_greedy,0,553.6080646372603,397.25128924047465,584.8794197166176,3736,1716,3736,1.709768018887287
True,cair,1,1563324336 1154147727 1154147728 cluster_1563324002_1563324346 1563324011,1563324011,False,20000,ppa_greedy_cair_17_0,ppa_greedy,0,250.2837595296837,191.8374474894979,272.7631103143706,1511,1055,1511,1.543293515573399
True,grid_5_5,4,4 13 0 11 16,11 0 4 16,False,20000,ppa_greedy_grid_5_5_8_0,ppa_greedy,0,121.52782643471303,96.68915216956609,127.7374950009998,889,613,889,1.613792037141551
True,grid_5_5,4,21 22 9 7 24,22 24 7 21,False,20000,ppa_greedy_grid_5_5_80_0,ppa_greedy,0,511.851176558828,69.11865593279664,622.5343067153358,19998,496,19998,10.49571316807604
True,iitb,4,667357387 667357401 668672700 667357412 667357419,668672700 667357412 667357401 667357387,False,20000,ppa_greedy_iitb_104_0,ppa_greedy,0,192.5430916666667,122.12079,211.0752763157895,1587,786,1587,2.157390759334316
True,cair,2,1563324324 1154147728 1563324349 1563324336,1563324324 1563324336,False,20000,ppa_greedy_cair_14_0,ppa_greedy,0,150.215575,75.8054625,171.47560714285714,1080,420,1080,2.626032814006356
True,grid_5_5,4,20 10 6 1 24 15,24 20 10 6,False,20000,ppa_greedy_grid_5_5_48_0,ppa_greedy,0,115.02890744537228,69.08322082770805,129.53807164042414,765,431,765,2.229398170778964
True,grid_5_5,4,10 15 24 18 2 23,15 10 2 24,False,20000,ppa_greedy_grid_5_5_12_0,ppa_greedy,0,105.41927503624818,74.29044381114277,115.24943226522883,795,426,795,1.763518618463262
True,cair,4,1563324349 1563324343 1154147727 1563324348 1154147726 cluster_1563324004_1563324334,1154147727 1563324349 cluster_1563324004_1563324334 1154147726,False,20000,ppa_greedy_cair_24_0,ppa_greedy,0,94.47892672411398,34.29923162824807,124.56877427204692,786,249,786,4.2945923186513095
True,grid_5_5,3,4 13 0 11 16,11 13 4,False,20000,ppa_greedy_grid_5_5_7_0,ppa_greedy,0,155.0933273345331,121.41968606278743,163.5117376524695,1027,600,1027,1.568260507192239
True,iitb,4,667357401 5366445083 667357361 1990860600 667357415 -22,667357415 1990860600 667357401 667357361,False,20000,ppa_greedy_iitb_72_0,ppa_greedy,0,183.9606844762095,126.47008696521392,203.1242169798747,1840,632,1840,1.802238294253448
True,iitb,4,4369058864 -22 668685374 668620103 -222 667357401,-222 4369058864 667357401 -22,False,20000,ppa_greedy_iitb_36_0,ppa_greedy,0,203.3604278119428,125.36379014382614,229.35930703464825,2036,730,2036,2.136610802209774
True,iitb,4,667357419 -266 667357412 4369058864 -222,-266 667357412 -222 4369058864,False,20000,ppa_greedy_iitb_32_0,ppa_greedy,0,225.25980625,110.41077,255.4832368421053,2105,801,2105,2.6964539739123907
True,cair,1,1563324353 1563324348 1563324324 cluster_1563324002_1563324346,1563324324,False,20000,ppa_greedy_cair_49_0,ppa_greedy,0,220.6355067753388,107.43558427921396,252.97834177423152,1381,445,1381,2.789752915050043
True,cair,4,1563324353 1563324348 1563324324 cluster_1563324002_1563324346,1563324324 1563324353 cluster_1563324002_1563324346 1563324348,False,20000,ppa_greedy_cair_52_0,ppa_greedy,0,82.93472812647606,34.32634408602151,96.82283785232022,706,204,706,3.426757384142889
True,iitb,4,667357387 2055461156 -282 667357412 5366445083 4369058864,4369058864 667357387 2055461156 5366445083,False,20000,ppa_greedy_iitb_108_0,ppa_greedy,0,169.15434527796387,129.83042159708268,182.26231983825755,1819,768,1819,1.6060202919632367
True,grid_5_5,4,13 17 21 0,17 0 21 13,False,20000,ppa_greedy_grid_5_5_40_0,ppa_greedy,0,103.26479771965796,72.58154973245986,109.10922590769567,613,477,613,1.7382068284978025
True,grid_5_5,2,4 13 0 11 16,16 13,False,20000,ppa_greedy_grid_5_5_6_3,ppa_greedy,3,178.3696754513177,175.84514677201582,179.0008076211432,910,910,893,1.1894999836518207
True,iitb,1,4369058864 -22 668685374 668620103 -222 667357401,4369058864,False,20000,ppa_greedy_iitb_33_3,ppa_greedy,3,615.3893892830968,414.5411836231594,682.3387911697425,5531,1967,5531,1.8078024634138872
True,cair,1,1563324336 1154147727 1154147728 cluster_1563324002_1563324346 1563324011,1563324011,False,20000,ppa_greedy_cair_17_3,ppa_greedy,3,209.4648689950265,232.3401950487622,200.66666666666663,1282,1255,1282,1.0226392729721772
True,cair,4,cluster_1563324010_1563324356 1154147727 1563324357 414035791 1563324348,414035791 1154147727 1563324357 cluster_1563324010_1563324356,False,20000,ppa_greedy_cair_92_3,ppa_greedy,3,62.92568982661978,50.46793660316984,67.71713337410053,472,355,472,1.5376835025504496
True,iitb,3,3215340463 667357401 668685374 667357387,667357387 667357401 3215340463,False,20000,ppa_greedy_iitb_99_3,ppa_greedy,3,235.8575071246437,163.34320783960803,250.3603669816509,2178,1151,2178,1.8430149161976928
True,iitb,2,3215340463 667357401 668685374 667357387,667357387 667357401,False,20000,ppa_greedy_iitb_98_3,ppa_greedy,3,320.0673649324662,220.2523136568284,340.03037518759373,2482,1164,2482,1.7722453999875676
True,iitb,3,5882320075 668620103 3215340463 3215340464,3215340463 668620103 3215340464,False,20000,ppa_greedy_iitb_63_3,ppa_greedy,3,208.0643085141848,155.26800180018003,218.6235698569857,1090,665,1090,1.7833123715549433
True,iitb,3,5882320075 -22 667357387 1990860598 667357361,667357387 667357361 5882320075,False,20000,ppa_greedy_iitb_67_3,ppa_greedy,3,197.78075897692247,195.1718170457385,198.46732264302344,1226,996,1226,1.0988251529085853
True,cair,3,1563324324 1154147728 1563324349 1563324336,1563324336 1563324349 1154147728,False,20000,ppa_greedy_cair_15_3,ppa_greedy,3,86.07023406725891,63.81326566328316,92.42936789696628,638,423,638,1.729124056438503
True,cair,1,1563324349 1563324343 1154147727 1563324348 1154147726 cluster_1563324004_1563324334,1563324348,False,20000,ppa_greedy_cair_21_3,ppa_greedy,3,205.20391862597964,123.74036184759046,245.9356970151743,1514,511,1514,2.2740475950344217
True,cair,1,1563324327 cluster_1563324333_1563324337 cluster_1563324004_1563324334 1563324343,cluster_1563324004_1563324334,False,20000,ppa_greedy_cair_85_3,ppa_greedy,3,176.58527706919648,119.73862101735608,192.8271787982937,1000,471,1000,1.99952708888256
True,cair,3,1563324327 cluster_1563324333_1563324337 cluster_1563324004_1563324334 1563324343,1563324327 cluster_1563324333_1563324337 1563324343,False,20000,ppa_greedy_cair_87_3,ppa_greedy,3,85.42259672284177,47.07806170925639,96.37817815529472,713,287,713,2.787062398475102
True,grid_5_5,3,10 15 24 18 2 23,15 23 10,False,20000,ppa_greedy_grid_5_5_11_3,ppa_greedy,3,128.9295720855829,106.94885189628742,135.8708521453604,703,668,703,1.509113685737454
True,iitb,2,4369058864 cluster_-172_5366445082 668685374 667357401,4369058864 cluster_-172_5366445082,False,20000,ppa_greedy_iitb_26_3,ppa_greedy,3,336.5993658650401,212.7730488475576,361.3646292685366,2315,995,2315,1.9904352959906697
True,cair,2,1563324353 1563324348 1563324324 cluster_1563324002_1563324346,cluster_1563324002_1563324346 1563324353,False,20000,ppa_greedy_cair_50_3,ppa_greedy,3,132.43252201939373,94.38414603650912,143.30348658593218,618,439,618,1.838202132715636
True,grid_5_5,2,20 10 6 1 24 15,15 24,False,20000,ppa_greedy_grid_5_5_46_3,ppa_greedy,3,176.94686934346717,137.79430638198576,189.3108365944613,926,859,926,1.6475990081290388
True,cair,4,1563324336 cluster_1563324333_1563324337 1563324327 1563324011 1563324348 cluster_1563324010_1563324356,1563324336 cluster_1563324010_1563324356 1563324327 1563324011,False,20000,ppa_greedy_cair_60_3,ppa_greedy,3,68.46993437904574,50.99219049524095,77.20880632094813,511,370,511,1.832765372306936
True,grid_5_5,1,10 15 24 18 2 23,24,False,20000,ppa_greedy_grid_5_5_9_3,ppa_greedy,3,289.930372518626,246.23176992182945,303.7299312334038,1558,1055,1558,1.3839173729063887
True,grid_5_5,2,17 19 21 13 14,13 21,False,20000,ppa_greedy_grid_5_5_42_3,ppa_greedy,3,191.0846590681864,153.0892021595681,200.5835232953409,1023,755,1023,1.5053434319578067
True,iitb,4,5882320075 668620103 3215340463 3215340464,3215340463 5882320075 668620103 3215340464,False,20000,ppa_greedy_iitb_64_3,ppa_greedy,3,169.55062291666664,131.899525,177.0808425,964,808,964,1.670338234510529
True,iitb,4,667357419 -266 667357412 4369058864 -222,-266 667357412 -222 4369058864,False,20000,ppa_greedy_iitb_32_3,ppa_greedy,3,164.2455694145878,111.13454981752736,178.2221535190774,1111,778,1111,1.8773308411709253
True,grid_5_5,4,10 15 24 18 2 23,15 10 2 24,False,20000,ppa_greedy_grid_5_5_12_3,ppa_greedy,3,98.29395330233488,82.71430595136908,103.21384193948197,597,558,597,1.469783366630261
True,grid_5_5,4,22 9 0 10 23 24,10 22 23 0,False,20000,ppa_greedy_grid_5_5_84_3,ppa_greedy,3,97.80752762361882,96.06747995933536,98.35701635970833,542,489,542,1.2075380587286777
True,cair,4,1563324324 1154147728 1563324349 1563324336,1154147728 1563324336 1563324324 1563324349,False,20000,ppa_greedy_cair_16_3,ppa_greedy,3,65.85047414295953,48.64338033098345,70.76678666066697,482,334,482,1.8533141018989767
True,iitb,4,667357387 667357401 668672700 667357412 667357419,668672700 667357412 667357401 667357387,False,20000,ppa_greedy_iitb_104_3,ppa_greedy,3,156.87893879557424,116.47768446310738,167.5108478304339,1184,621,1184,1.7498382894887026
True,cair,2,1563324349 1563324343 1154147727 1563324348 1154147726 cluster_1563324004_1563324334,1154147726 cluster_1563324004_1563324334,False,20000,ppa_greedy_cair_22_3,ppa_greedy,3,129.7766611111111,72.58845,158.3707666666667,940,429,940,2.614562510125893
True,grid_5_5,3,17 19 21 13 14,14 17 19,False,20000,ppa_greedy_grid_5_5_43_3,ppa_greedy,3,132.82111116667502,107.19139870980646,139.22853928089214,832,597,832,1.5062208089417155
True,iitb,2,5882320075 -22 667357387 1990860598 667357361,5882320075 -22,False,20000,ppa_greedy_iitb_66_3,ppa_greedy,3,283.0854270833333,275.47798,285.0873868421053,1405,1405,1364,1.1226187604270537
True,iitb,2,667357387 2055461156 -282 667357412 5366445083 4369058864,4369058864 5366445083,False,20000,ppa_greedy_iitb_106_3,ppa_greedy,3,315.0057467673132,253.0369926014797,335.66199815592444,2172,1014,2172,1.5108321199024826
True,cair,2,1563324343 cluster_1563324010_1563324356 1154147728 1563324324 1563324348,cluster_1563324010_1563324356 1563324324,False,20000,ppa_greedy_cair_54_3,ppa_greedy,3,111.827022537762,85.80305984700765,121.83623895728287,674,460,674,1.6392294715008375
True,iitb,2,667357401 5366445083 667357361 1990860600 667357415 -22,667357415 1990860600,False,20000,ppa_greedy_iitb_70_3,ppa_greedy,3,319.60675077523257,253.8224967490247,341.5348354506352,2685,1401,2685,1.4702813473938203
True,grid_5_5,3,0 15 20 4,15 20 0,False,20000,ppa_greedy_grid_5_5_75_3,ppa_greedy,3,150.91685482233504,112.87888324873096,158.16218274111674,840,535,840,1.8142670079422647
True,cair,1,cluster_1563324010_1563324356 1154147727 1563324357 414035791 1563324348,1563324348,False,20000,ppa_greedy_cair_89_3,ppa_greedy,3,185.70944977671127,147.29477104579084,200.48432621168075,1083,611,1083,1.4595332998277104
True,iitb,3,4369058864 -22 668685374 668620103 -222 667357401,-22 4369058864 -222,False,20000,ppa_greedy_iitb_35_3,ppa_greedy,3,228.51499375,153.34050833333333,253.5731555555556,2139,875,2139,1.9316331563410951
True,grid_5_5,2,0 15 20 4,0 15,False,20000,ppa_greedy_grid_5_5_74_3,ppa_greedy,3,185.56765846830635,153.11602679464107,191.7489216442426,893,629,893,1.5618432402406943
True,iitb,3,667357401 5366445083 667357361 1990860600 667357415 -22,1990860600 667357415 -22,False,20000,ppa_greedy_iitb_71_3,ppa_greedy,3,220.0285490353028,179.6190821618557,233.4983713264518,1454,1004,1454,1.436127830446387
True,grid_5_5,4,20 10 6 1 24 15,24 20 10 6,False,20000,ppa_greedy_grid_5_5_48_3,ppa_greedy,3,105.72554827741386,79.60163008150407,113.9752066550696,666,480,666,1.7514419610484215
True,cair,4,1563324336 1154147727 1154147728 cluster_1563324002_1563324346 1563324011,1563324011 1563324336 cluster_1563324002_1563324346 1154147727,False,20000,ppa_greedy_cair_20_3,ppa_greedy,3,67.10227791588453,62.08791030389123,69.03088084357427,491,450,491,1.419871109949399
True,iitb,3,4369058864 cluster_-172_5366445082 668685374 667357401,668685374 667357401 cluster_-172_5366445082,False,20000,ppa_greedy_iitb_27_3,ppa_greedy,3,246.28410587196024,150.44634731736588,265.4516575828791,1757,830,1757,2.0589488969119234
True,cair,3,1563324353 1563324348 1563324324 cluster_1563324002_1563324346,cluster_1563324002_1563324346 1563324324 1563324348,False,20000,ppa_greedy_cair_51_3,ppa_greedy,3,82.08212487915459,48.96117111711171,91.54525452545256,628,288,628,2.2643009215779744
True,cair,3,1563324336 1154147727 1154147728 cluster_1563324002_1563324346 1563324011,1563324011 cluster_1563324002_1563324346 1154147727,False,20000,ppa_greedy_cair_19_3,ppa_greedy,3,79.76744114983528,73.39473973698685,82.21848015477697,545,515,545,1.3271124525580746
True,grid_5_5,1,13 17 21 0,13,False,20000,ppa_greedy_grid_5_5_37_3,ppa_greedy,3,280.2201270190529,206.7796169425414,294.20879560505506,1483,726,1483,1.660074671860991
True,cair,1,1563324343 cluster_1563324010_1563324356 1154147728 1563324324 1563324348,1154147728,False,20000,ppa_greedy_cair_53_3,ppa_greedy,3,196.0510898803966,149.39966986794718,213.99394373133867,1109,540,1109,1.5798183442973248
True,iitb,3,667357387 2055461156 -282 667357412 5366445083 4369058864,4369058864 -282 5366445083,False,20000,ppa_greedy_iitb_107_3,ppa_greedy,3,229.90317077438385,190.6169574563816,242.998575213718,1323,880,1323,1.4239365087843283
True,grid_5_5,3,20 10 6 1 24 15,1 6 24,False,20000,ppa_greedy_grid_5_5_47_3,ppa_greedy,3,135.23965401729916,106.2645034414946,144.3897015675532,726,585,726,1.6919698959829643
True,grid_5_5,1,22 9 0 10 23 24,23,False,20000,ppa_greedy_grid_5_5_81_3,ppa_greedy,3,273.7105944702765,261.87708947885943,277.4474907833556,1261,972,1261,1.1944263211634962
True,cair,1,1563324324 cluster_1563324002_1563324346 cluster_1563324004_1563324334 1563324349 1154147728 1563324357,cluster_1563324002_1563324346,False,20000,ppa_greedy_cair_93_3,ppa_greedy,3,202.52175773132868,149.22842284228423,229.1684251758509,1141,845,1141,1.6910453197162567
True,iitb,1,667357401 5366445083 667357361 1990860600 667357415 -22,1990860600,False,20000,ppa_greedy_iitb_69_3,ppa_greedy,3,540.7935219465013,437.8229854579413,575.1170341093546,4670,2386,4670,1.4479440591206458
True,grid_5_5,1,17 19 21 13 14,19,False,20000,ppa_greedy_grid_5_5_41_3,ppa_greedy,3,283.73653626813405,230.8686143071536,296.9535167583792,1520,942,1520,1.4065811373165564
True,iitb,2,667357387 667357401 668672700 667357412 667357419,667357387 667357419,False,20000,ppa_greedy_iitb_102_3,ppa_greedy,3,313.22797916666667,223.67354,336.79493684210524,2579,1067,2579,1.717512309172613
True,grid_5_5,3,4 13 0 11 16,11 13 4,False,20000,ppa_greedy_grid_5_5_7_3,ppa_greedy,3,128.5805458908218,122.50952809438112,130.098300339932,751,646,751,1.2556437456797522
True,cair,1,1563324336 cluster_1563324333_1563324337 1563324327 1563324011 1563324348 cluster_1563324010_1563324356,1563324327,False,20000,ppa_greedy_cair_57_3,ppa_greedy,3,185.2069179140136,150.4694886155282,202.5756325632564,890,678,890,1.5390237165330825
True,grid_5_5,4,4 13 0 11 16,11 0 4 16,False,20000,ppa_greedy_grid_5_5_8_3,ppa_greedy,3,106.86954209158168,104.49092181563688,107.4641971605679,657,657,624,1.2337205468182826
True,grid_5_5,3,22 9 0 10 23 24,23 10 22,False,20000,ppa_greedy_grid_5_5_83_3,ppa_greedy,3,125.82226868060418,123.799281451102,126.46110675307855,641,641,631,1.1925648797827637
True,grid_5_5,2,10 15 24 18 2 23,10 23,False,20000,ppa_greedy_grid_5_5_10_3,ppa_greedy,3,177.2422466740022,148.87682137974727,186.1997493985037,1162,843,1162,1.44405576659817
True,grid_5_5,4,21 22 9 7 24,22 24 7 21,False,20000,ppa_greedy_grid_5_5_80_3,ppa_greedy,3,108.76619676064789,82.4119176164767,115.35476654669066,691,620,691,1.7126087133178167
True,grid_5_5,3,13 1 12 4,1 12 4,False,20000,ppa_greedy_grid_5_5_3_3,ppa_greedy,3,134.03269763488174,99.82131606580327,140.54915126708715,751,735,751,1.6667213060954675
True,grid_5_5,2,13 1 12 4,1 12,False,20000,ppa_greedy_grid_5_5_2_3,ppa_greedy,3,189.60769030709213,138.94194508352507,199.25830844491443,1089,784,1089,1.704844079285849
True,cair,3,1563324343 cluster_1563324010_1563324356 1154147728 1563324324 1563324348,cluster_1563324010_1563324356 1563324324 1563324348,False,20000,ppa_greedy_cair_55_3,ppa_greedy,3,84.0121589412804,62.99137956897845,92.09707408447343,567,374,567,1.7014410108242823
True,grid_5_5,4,17 19 21 13 14,21 13 14 19,False,20000,ppa_greedy_grid_5_5_44_3,ppa_greedy,3,105.29777066559984,81.59797969695454,111.22271840776116,715,548,715,1.6330810156639637
True,iitb,2,4369058864 -22 668685374 668620103 -222 667357401,-22 4369058864,False,20000,ppa_greedy_iitb_34_3,ppa_greedy,3,343.95690949116926,227.92627708010207,382.633786961525,2624,1419,2624,1.9106733221506629
True,cair,3,1563324349 1563324343 1154147727 1563324348 1154147726 cluster_1563324004_1563324334,1563324343 cluster_1563324004_1563324334 1563324348,False,20000,ppa_greedy_cair_23_3,ppa_greedy,3,90.04716153081235,50.80714297618452,109.66717080812624,603,315,603,2.652725097801989
True,cair,2,1563324336 1154147727 1154147728 cluster_1563324002_1563324346 1563324011,1563324336 1154147727,False,20000,ppa_greedy_cair_18_3,ppa_greedy,3,115.4844361111111,111.87215999999998,116.87377307692309,641,641,640,1.233747959387287
True,cair,2,1563324324 cluster_1563324002_1563324346 cluster_1563324004_1563324334 1563324349 1154147728 1563324357,cluster_1563324004_1563324334 1563324357,False,20000,ppa_greedy_cair_94_3,ppa_greedy,3,119.38024080185797,84.35903590359035,136.89084325099176,867,586,867,1.8596588077410288
True,iitb,1,5882320075 668620103 3215340463 3215340464,3215340463,False,20000,ppa_greedy_iitb_61_3,ppa_greedy,3,476.0312468734367,368.8277138569285,497.4719534767384,2328,1595,2328,1.5728452590001831
True,grid_5_5,2,13 17 21 0,0 13,False,20000,ppa_greedy_grid_5_5_38_3,ppa_greedy,3,179.62116846738695,136.54924469787915,187.82534442348367,947,661,947,1.637322708950539
True,iitb,4,667357387 2055461156 -282 667357412 5366445083 4369058864,4369058864 667357387 2055461156 5366445083,False,20000,ppa_greedy_iitb_108_3,ppa_greedy,3,165.40102239776022,129.63165350131652,177.32414536324148,1003,620,1003,1.5323833991284692
True,cair,1,1563324324 1154147728 1563324349 1563324336,1154147728,False,20000,ppa_greedy_cair_13_3,ppa_greedy,3,211.1147859273703,166.30360981950903,223.9179791010449,1031,669,1031,1.5283735275875896
True,iitb,3,667357419 -266 667357412 4369058864 -222,667357412 -266 -222,False,20000,ppa_greedy_iitb_31_3,ppa_greedy,3,218.98462006433653,147.8646832341617,237.7003929143825,1607,1019,1607,1.9137565649171144
True,grid_5_5,3,21 22 9 7 24,21 22 9,False,20000,ppa_greedy_grid_5_5_79_3,ppa_greedy,3,142.74044706706007,103.78777816672502,152.47861429214382,893,634,893,1.801230662519673
True,cair,3,1563324324 cluster_1563324002_1563324346 cluster_1563324004_1563324334 1563324349 1154147728 1563324357,cluster_1563324004_1563324334 cluster_1563324002_1563324346 1563324349,False,20000,ppa_greedy_cair_95_3,ppa_greedy,3,83.8005650282514,59.24234545060587,96.0796748170742,590,444,590,1.8945119328746047
True,grid_5_5,1,0 15 20 4,4,False,20000,ppa_greedy_grid_5_5_73_3,ppa_greedy,3,296.24995749362404,268.80627094064107,301.47732636085885,1345,1133,1345,1.4773009858397077
True,iitb,4,3215340463 667357401 668685374 667357387,668685374 667357401 667357387 3215340463,False,20000,ppa_greedy_iitb_100_3,ppa_greedy,3,182.3653905442789,127.35027747225276,193.3684131586841,1438,906,1438,1.873093592485343
True,iitb,4,4369058864 cluster_-172_5366445082 668685374 667357401,4369058864 667357401 cluster_-172_5366445082 668685374,False,20000,ppa_greedy_iitb_28_3,ppa_greedy,3,192.8052777222111,119.28275655131026,207.5097819563913,1366,777,1366,2.1391185415960474
True,grid_5_5,4,0 15 20 4,20 4 0 15,False,20000,ppa_greedy_grid_5_5_76_3,ppa_greedy,3,117.7141597079854,86.51982599129957,123.6559375587827,693,553,693,1.9394937922611908
True,cair,4,1563324353 1563324348 1563324324 cluster_1563324002_1563324346,1563324324 1563324353 cluster_1563324002_1563324346 1563324348,False,20000,ppa_greedy_cair_52_3,ppa_greedy,3,66.34378820208487,38.093081116223246,74.41541879804532,508,257,508,2.420914891281376
True,grid_5_5,4,13 17 21 0,17 0 21 13,False,20000,ppa_greedy_grid_5_5_40_3,ppa_greedy,3,100.39839775966396,80.87899434915238,104.11637936166616,629,466,629,1.5314809133010687
True,cair,4,1563324324 cluster_1563324002_1563324346 cluster_1563324004_1563324334 1563324349 1154147728 1563324357,1563324357 1563324324 cluster_1563324004_1563324334 1154147728,False,20000,ppa_greedy_cair_96_3,ppa_greedy,3,69.73827104932715,48.781794846151286,80.21650915091509,539,358,539,1.9426470713245496
True,grid_5_5,2,21 22 9 7 24,7 9,False,20000,ppa_greedy_grid_5_5_78_3,ppa_greedy,3,180.30900470141043,134.85529658897667,191.67243172951885,821,802,821,1.7083408074447202
True,cair,2,1563324327 cluster_1563324333_1563324337 cluster_1563324004_1563324334 1563324343,1563324343 cluster_1563324004_1563324334,False,20000,ppa_greedy_cair_86_3,ppa_greedy,3,145.2150388888889,90.8665875,160.74316785714285,885,461,885,2.365962501438651
True,cair,2,cluster_1563324010_1563324356 1154147727 1563324357 414035791 1563324348,1563324357 cluster_1563324010_1563324356,False,20000,ppa_greedy_cair_90_3,ppa_greedy,3,112.29182017726654,89.77664416104027,120.95150326043051,715,588,715,1.503899708499153
True,iitb,1,667357419 -266 667357412 4369058864 -222,4369058864,False,20000,ppa_greedy_iitb_29_3,ppa_greedy,3,553.3791670837921,371.8819901892081,601.1415820560511,3147,2085,3147,1.798809634145403
True,cair,4,1563324343 cluster_1563324010_1563324356 1154147728 1563324324 1563324348,cluster_1563324010_1563324356 1154147728 1563324324 1563324343,False,20000,ppa_greedy_cair_56_3,ppa_greedy,3,65.41046281019283,46.98374081295936,72.49766357835955,438,292,438,1.813416087044044
True,grid_5_5,1,21 22 9 7 24,7,False,20000,ppa_greedy_grid_5_5_77_3,ppa_greedy,3,294.7866206482593,226.80327130852345,311.7824579831933,1296,970,1296,1.563455933782708
True,cair,3,cluster_1563324010_1563324356 1154147727 1563324357 414035791 1563324348,414035791 1154147727 1563324357,False,20000,ppa_greedy_cair_91_3,ppa_greedy,3,80.54327099376606,65.27121712171217,86.41713786763292,604,497,604,1.4921184932383385
True,iitb,1,667357387 2055461156 -282 667357412 5366445083 4369058864,4369058864,False,20000,ppa_greedy_iitb_105_3,ppa_greedy,3,503.4322229166667,426.251125,529.1592555555555,2168,1706,2168,1.3795757246783256
True,cair,2,1563324324 1154147728 1563324349 1563324336,1563324324 1563324336,False,20000,ppa_greedy_cair_14_3,ppa_greedy,3,113.03334889744914,80.60889739356647,122.2974778985585,803,386,803,1.7298926609853926
True,cair,1,1563324353 1563324348 1563324324 cluster_1563324002_1563324346,1563324324,False,20000,ppa_greedy_cair_49_3,ppa_greedy,3,194.60770782284007,116.54674451167676,216.9108401974582,941,481,941,2.129676987340252
True,cair,4,1563324349 1563324343 1154147727 1563324348 1154147726 cluster_1563324004_1563324334,1154147727 1563324349 cluster_1563324004_1563324334 1154147726,False,20000,ppa_greedy_cair_24_3,ppa_greedy,3,73.18033888888888,38.444875,90.54807083333333,506,278,506,2.878207960268856
True,iitb,4,5882320075 -22 667357387 1990860598 667357361,667357387 667357361 5882320075 1990860598,False,20000,ppa_greedy_iitb_68_3,ppa_greedy,3,144.70910007667433,141.69612961296127,145.50198704080935,907,907,891,1.1731826255288036
True,iitb,4,667357401 5366445083 667357361 1990860600 667357415 -22,667357415 1990860600 667357401 667357361,False,20000,ppa_greedy_iitb_72_3,ppa_greedy,3,177.66605217550702,138.86662000699894,190.5991962316764,1298,884,1298,1.5368791953814918
True,grid_5_5,2,22 9 0 10 23 24,23 0,False,20000,ppa_greedy_grid_5_5_82_3,ppa_greedy,3,174.96765514827226,167.82074811221682,177.22457315965818,914,834,914,1.2083270397787451
True,grid_5_5,3,13 17 21 0,13 17 21,False,20000,ppa_greedy_grid_5_5_39_3,ppa_greedy,3,128.26882655867206,102.33078346082696,133.20940619635684,689,585,689,1.5278625106444783
True,grid_5_5,1,13 1 12 4,12,False,20000,ppa_greedy_grid_5_5_1_3,ppa_greedy,3,302.4929864411868,190.6489968479512,323.796603506565,1454,1114,1454,1.918196485628812
True,iitb,1,4369058864 cluster_-172_5366445082 668685374 667357401,668685374,False,20000,ppa_greedy_iitb_25_3,ppa_greedy,3,566.0916904131047,408.294268359746,597.6511748237764,3425,1823,3425,1.7033783395812938
True,cair,4,1563324327 cluster_1563324333_1563324337 cluster_1563324004_1563324334 1563324343,cluster_1563324004_1563324334 cluster_1563324333_1563324337 1563324327 1563324343,False,20000,ppa_greedy_cair_88_3,ppa_greedy,3,70.12940186324016,39.74337533123344,78.81112372952782,573,243,573,2.7964936890873893
True,iitb,2,5882320075 668620103 3215340463 3215340464,3215340464 3215340463,False,20000,ppa_greedy_iitb_62_3,ppa_greedy,3,370.0697666666667,307.628725,382.557975,1615,1111,1615,1.5822837020135647
True,grid_5_5,4,13 1 12 4,1 12 4 13,False,20000,ppa_greedy_grid_5_5_4_3,ppa_greedy,3,114.4762458122906,83.69403470173509,120.33952411906309,712,489,712,1.7744529127850304
True,iitb,2,667357419 -266 667357412 4369058864 -222,4369058864 667357412,False,20000,ppa_greedy_iitb_30_3,ppa_greedy,3,312.4887321538641,219.46126243190565,336.96964523859,2166,1198,2166,1.7535906242659027
True,cair,3,1563324336 cluster_1563324333_1563324337 1563324327 1563324011 1563324348 cluster_1563324010_1563324356,cluster_1563324010_1563324356 1563324011 1563324327,False,20000,ppa_greedy_cair_59_3,ppa_greedy,3,84.32859468137704,66.44674432945018,93.26951985734048,621,432,621,1.637502442691589
True,iitb,3,667357387 667357401 668672700 667357412 667357419,667357412 667357419 667357401,False,20000,ppa_greedy_iitb_103_3,ppa_greedy,3,224.79695625,162.47724,241.19688157894743,1881,738,1881,1.746587838899705
True,iitb,4,4369058864 -22 668685374 668620103 -222 667357401,-222 4369058864 667357401 -22,False,20000,ppa_greedy_iitb_36_3,ppa_greedy,3,192.34585667133427,127.31481296259253,214.02287124091487,2169,982,2169,1.9804192862198329
True,grid_5_5,1,20 10 6 1 24 15,24,False,20000,ppa_greedy_grid_5_5_45_3,ppa_greedy,3,287.64268507402966,227.39873449379752,306.6670905204187,1119,878,1119,1.5811639669452549
True,iitb,1,5882320075 -22 667357387 1990860598 667357361,667357361,False,20000,ppa_greedy_iitb_65_3,ppa_greedy,3,474.7247465272567,445.6366901795988,482.37949819769295,2118,1912,2118,1.1443120777538305
True,iitb,1,3215340463 667357401 668685374 667357387,667357387,False,20000,ppa_greedy_iitb_97_3,ppa_greedy,3,526.4236548523628,370.2386522695461,557.6606553689262,3821,1569,3821,1.6206442170147652
True,grid_5_5,1,4 13 0 11 16,0,False,20000,ppa_greedy_grid_5_5_5_3,ppa_greedy,3,284.8375667833917,299.1792796398199,281.2521385692846,1558,1558,986,1.082132717951341
True,iitb,1,667357387 667357401 668672700 667357412 667357419,667357412,False,20000,ppa_greedy_iitb_101_3,ppa_greedy,3,549.7780687936523,382.7873381007152,593.7229979233728,3345,1588,3345,1.755705782535537
True,cair,2,1563324336 cluster_1563324333_1563324337 1563324327 1563324011 1563324348 cluster_1563324010_1563324356,cluster_1563324333_1563324337 cluster_1563324010_1563324356,False,20000,ppa_greedy_cair_58_3,ppa_greedy,3,111.35032924897892,86.0483120780195,124.0013378344586,707,495,707,1.6318000933759236
True,grid_5_5,1,0 15 20 4,4,False,20000,ppa_greedy_grid_5_5_73_5,ppa_greedy,5,267.39142571285646,283.4063656828414,264.3409609566688,1128,1128,852,1.2503844873688794
True,iitb,1,3215340463 667357401 668685374 667357387,667357387,False,20000,ppa_greedy_iitb_97_5,ppa_greedy,5,481.1155444149956,374.9350027504125,502.35165274791217,2816,1788,2816,1.4863475804121644
True,grid_5_5,2,4 13 0 11 16,16 13,False,20000,ppa_greedy_grid_5_5_6_5,ppa_greedy,5,165.66834650395117,159.40686205861758,167.2337176152846,898,898,873,1.2139348369038274
True,grid_5_5,4,10 15 24 18 2 23,15 10 2 24,False,20000,ppa_greedy_grid_5_5_12_5,ppa_greedy,5,98.08945210957808,83.76404719056188,102.6132641892674,618,549,618,1.4222485950436372
True,cair,2,1563324327 cluster_1563324333_1563324337 cluster_1563324004_1563324334 1563324343,1563324343 cluster_1563324004_1563324334,False,20000,ppa_greedy_cair_86_5,ppa_greedy,5,113.81513146564896,73.35981950902455,125.37379202468448,773,374,773,2.1893382529095726
True,cair,3,1563324324 1154147728 1563324349 1563324336,1563324336 1563324349 1154147728,False,20000,ppa_greedy_cair_15_5,ppa_greedy,5,82.77108855442772,65.16193309665483,87.80227582807713,619,363,619,1.715903751599689
True,grid_5_5,2,10 15 24 18 2 23,10 23,False,20000,ppa_greedy_grid_5_5_10_5,ppa_greedy,5,169.19703859228156,138.79387455842163,178.79803776086885,1000,691,1000,1.4703067076715943
True,grid_5_5,2,13 17 21 0,0 13,False,20000,ppa_greedy_grid_5_5_38_5,ppa_greedy,5,170.51636218189088,141.51821158942053,176.03981943759956,1048,666,1048,1.491483657738376
True,cair,2,1563324349 1563324343 1154147727 1563324348 1154147726 cluster_1563324004_1563324334,1154147726 cluster_1563324004_1563324334,False,20000,ppa_greedy_cair_22_5,ppa_greedy,5,123.8027613905276,72.53161350531613,149.43833533313335,789,485,789,2.431963132861597
True,cair,1,1563324353 1563324348 1563324324 cluster_1563324002_1563324346,1563324324,False,20000,ppa_greedy_cair_49_5,ppa_greedy,5,168.07206576292666,125.76359361712773,180.16020066172635,646,480,646,1.6378374313994026
True,cair,3,1563324349 1563324343 1154147727 1563324348 1154147726 cluster_1563324004_1563324334,1563324343 cluster_1563324004_1563324334 1563324348,False,20000,ppa_greedy_cair_23_5,ppa_greedy,5,89.99735264541005,52.665716619164286,108.66317065853292,733,324,733,2.568595590057376
True,grid_5_5,3,21 22 9 7 24,21 22 9,False,20000,ppa_greedy_grid_5_5_79_5,ppa_greedy,5,128.28016400820042,102.19288964448224,134.80198259912996,744,694,744,1.6228555501465636
True,grid_5_5,3,4 13 0 11 16,11 13 4,False,20000,ppa_greedy_grid_5_5_7_5,ppa_greedy,5,127.99482903419316,125.052549490102,128.73039892021595,726,613,726,1.2053225708054691
True,grid_5_5,3,13 17 21 0,13 17 21,False,20000,ppa_greedy_grid_5_5_39_5,ppa_greedy,5,125.38227490996398,103.21651160464184,129.60432506335866,685,604,685,1.4678939534894169
True,iitb,4,4369058864 cluster_-172_5366445082 668685374 667357401,4369058864 667357401 cluster_-172_5366445082 668685374,False,20000,ppa_greedy_iitb_28_5,ppa_greedy,5,172.83238735810374,133.5971145671851,180.67944191628743,1154,907,1154,1.6093760188930577
True,cair,4,1563324327 cluster_1563324333_1563324337 cluster_1563324004_1563324334 1563324343,cluster_1563324004_1563324334 cluster_1563324333_1563324337 1563324327 1563324343,False,20000,ppa_greedy_cair_88_5,ppa_greedy,5,69.88294136929069,42.54787739386969,77.6929596479824,510,262,510,2.614500749991597
True,iitb,2,5882320075 668620103 3215340463 3215340464,3215340464 3215340463,False,20000,ppa_greedy_iitb_62_5,ppa_greedy,5,278.950496617005,225.36487601239875,289.66762073792626,1729,872,1729,1.5203099652376122
True,iitb,1,667357387 667357401 668672700 667357412 667357419,667357412,False,20000,ppa_greedy_iitb_101_5,ppa_greedy,5,534.9053316330783,400.4423363504526,570.290330391664,2453,1450,2453,1.6026333577566183
True,grid_5_5,3,13 1 12 4,1 12 4,False,20000,ppa_greedy_grid_5_5_3_5,ppa_greedy,5,131.64194429164374,107.0338800820123,136.32919461728784,767,592,767,1.5614267307061322
True,iitb,2,4369058864 cluster_-172_5366445082 668685374 667357401,4369058864 cluster_-172_5366445082,False,20000,ppa_greedy_iitb_26_5,ppa_greedy,5,290.19939225690274,220.217587034814,304.19575330132056,2143,1062,2143,1.652827980011506
True,iitb,3,4369058864 cluster_-172_5366445082 668685374 667357401,668685374 667357401 cluster_-172_5366445082,False,20000,ppa_greedy_iitb_27_5,ppa_greedy,5,216.6996337683116,166.68030348482577,226.70349982500875,1806,904,1806,1.636409893115815
True,grid_5_5,3,10 15 24 18 2 23,15 23 10,False,20000,ppa_greedy_grid_5_5_11_5,ppa_greedy,5,124.53950609878024,106.12708291674996,130.35395552468455,837,597,837,1.4370058663769347
True,cair,1,1563324336 1154147727 1154147728 cluster_1563324002_1563324346 1563324011,1563324011,False,20000,ppa_greedy_cair_17_5,ppa_greedy,5,194.34844039959552,248.67057705770577,173.45531091570697,1394,1394,726,0.8272141700509245
True,cair,2,1563324324 cluster_1563324002_1563324346 cluster_1563324004_1563324334 1563324349 1154147728 1563324357,cluster_1563324004_1563324334 1563324357,False,20000,ppa_greedy_cair_94_5,ppa_greedy,5,116.16870050846045,89.72414770359256,129.3909769108944,663,612,663,1.6659117274069253
True,cair,2,1563324324 1154147728 1563324349 1563324336,1563324324 1563324336,False,20000,ppa_greedy_cair_14_5,ppa_greedy,5,113.18987777777778,89.6672625,119.910625,697,367,697,1.6214386079484566
True,cair,3,1563324336 1154147727 1154147728 cluster_1563324002_1563324346 1563324011,1563324011 cluster_1563324002_1563324346 1154147727,False,20000,ppa_greedy_cair_19_5,ppa_greedy,5,75.72229445166738,78.41251125112511,74.6875956826452,560,560,455,1.2092353465281036
True,cair,4,1563324324 cluster_1563324002_1563324346 cluster_1563324004_1563324334 1563324349 1154147728 1563324357,1563324357 1563324324 cluster_1563324004_1563324334 1154147728,False,20000,ppa_greedy_cair_96_5,ppa_greedy,5,65.321956124416,48.43478659400363,73.76554088962219,458,387,458,1.820393135928901
True,cair,3,cluster_1563324010_1563324356 1154147727 1563324357 414035791 1563324348,414035791 1154147727 1563324357,False,20000,ppa_greedy_cair_91_5,ppa_greedy,5,79.18086808680867,65.57515751575157,84.41383369106141,544,471,544,1.4550833893401058
True,iitb,4,667357401 5366445083 667357361 1990860600 667357415 -22,667357415 1990860600 667357401 667357361,False,20000,ppa_greedy_iitb_72_5,ppa_greedy,5,171.943501483185,143.17190780921908,181.5340327078403,1389,911,1389,1.4151805360132463
True,grid_5_5,3,20 10 6 1 24 15,1 6 24,False,20000,ppa_greedy_grid_5_5_47_5,ppa_greedy,5,128.37353467673384,105.17685050919214,135.69880336122068,786,538,786,1.5667784481006808
True,cair,2,1563324336 1154147727 1154147728 cluster_1563324002_1563324346 1563324011,1563324336 1154147727,False,20000,ppa_greedy_cair_18_5,ppa_greedy,5,105.35830708464576,109.65509724513775,103.70569548445656,758,758,735,1.1406807741376843
True,grid_5_5,4,21 22 9 7 24,22 24 7 21,False,20000,ppa_greedy_grid_5_5_80_5,ppa_greedy,5,101.32547572621368,79.46406679666016,106.79082795860208,698,540,698,1.66606534689483
True,grid_5_5,4,4 13 0 11 16,11 0 4 16,False,20000,ppa_greedy_grid_5_5_8_5,ppa_greedy,5,99.50779661016948,95.61085945702716,100.48203089845506,509,494,509,1.2402380876317198
True,iitb,2,4369058864 -22 668685374 668620103 -222 667357401,-22 4369058864,False,20000,ppa_greedy_iitb_34_5,ppa_greedy,5,324.51108138294325,250.18944622257783,349.2849597697317,2266,1366,2266,1.6508712019420002
True,cair,1,1563324327 cluster_1563324333_1563324337 cluster_1563324004_1563324334 1563324343,cluster_1563324004_1563324334,False,20000,ppa_greedy_cair_85_5,ppa_greedy,5,189.43326053371567,120.84680404121237,209.0293909601452,966,500,966,2.1502180109018885
True,iitb,4,667357419 -266 667357412 4369058864 -222,-266 667357412 -222 4369058864,False,20000,ppa_greedy_iitb_32_5,ppa_greedy,5,178.7604885344799,115.84283571642835,195.31776559186187,1369,663,1369,2.074569726277227
True,iitb,1,667357387 2055461156 -282 667357412 5366445083 4369058864,4369058864,False,20000,ppa_greedy_iitb_105_5,ppa_greedy,5,489.557800469953,470.5425540779255,495.8962159339621,2248,2191,2248,1.2217605261608713
True,cair,4,1563324324 1154147728 1563324349 1563324336,1154147728 1563324336 1563324324 1563324349,False,20000,ppa_greedy_cair_16_5,ppa_greedy,5,65.12005044696679,50.81450322516126,69.20734965319696,480,309,480,1.746360766198502
True,cair,1,1563324336 cluster_1563324333_1563324337 1563324327 1563324011 1563324348 cluster_1563324010_1563324356,1563324327,False,20000,ppa_greedy_cair_57_5,ppa_greedy,5,173.87287740172306,154.18255594994082,183.7180381276142,765,765,762,1.3553922394510305
True,grid_5_5,2,20 10 6 1 24 15,15 24,False,20000,ppa_greedy_grid_5_5_46_5,ppa_greedy,5,173.53691507452237,140.80800073355343,183.87236170851256,981,772,981,1.5885324354353771
True,cair,3,1563324324 cluster_1563324002_1563324346 cluster_1563324004_1563324334 1563324349 1154147728 1563324357,cluster_1563324004_1563324334 cluster_1563324002_1563324346 1563324349,False,20000,ppa_greedy_cair_95_5,ppa_greedy,5,84.0159880894844,63.48232588370583,94.28281919237372,536,485,536,1.7839486426831173
True,iitb,4,4369058864 -22 668685374 668620103 -222 667357401,-222 4369058864 667357401 -22,False,20000,ppa_greedy_iitb_36_5,ppa_greedy,5,183.4263278685793,139.8566751636927,197.94954543687487,1390,1020,1390,1.723221747871228
True,cair,4,1563324353 1563324348 1563324324 cluster_1563324002_1563324346,1563324324 1563324353 cluster_1563324002_1563324346 1563324348,False,20000,ppa_greedy_cair_52_5,ppa_greedy,5,64.4846757662117,44.70316484175791,70.13653603034133,476,257,476,1.9930193919527988
True,iitb,4,667357387 667357401 668672700 667357412 667357419,668672700 667357412 667357401 667357387,False,20000,ppa_greedy_iitb_104_5,ppa_greedy,5,172.14289822455615,127.15183795948988,183.98265092588937,1195,621,1195,1.7880015127627469
True,cair,1,1563324343 cluster_1563324010_1563324356 1154147728 1563324324 1563324348,1154147728,False,20000,ppa_greedy_cair_53_5,ppa_greedy,5,198.948057000578,159.54294717887154,214.10386847046507,1065,720,1065,1.5034967279297435
True,cair,3,1563324343 cluster_1563324010_1563324356 1154147728 1563324324 1563324348,cluster_1563324010_1563324356 1563324324 1563324348,False,20000,ppa_greedy_cair_55_5,ppa_greedy,5,85.10984153970952,65.92419241924192,92.48893735527398,558,411,558,1.630100836074058
True,grid_5_5,1,13 17 21 0,13,False,20000,ppa_greedy_grid_5_5_37_5,ppa_greedy,5,269.0313175658783,222.9137581879094,277.8156145902533,1099,807,1099,1.3877446811407073
True,iitb,3,667357387 667357401 668672700 667357412 667357419,667357412 667357419 667357401,False,20000,ppa_greedy_iitb_103_5,ppa_greedy,5,237.904593477645,176.1493875918612,254.1559634475881,1818,772,1818,1.7651697837452769
True,grid_5_5,2,13 1 12 4,1 12,False,20000,ppa_greedy_grid_5_5_2_5,ppa_greedy,5,178.18213489325532,145.03693565321734,184.4955061770721,910,673,910,1.5296714811962462
True,cair,4,cluster_1563324010_1563324356 1154147727 1563324357 414035791 1563324348,414035791 1154147727 1563324357 cluster_1563324010_1563324356,False,20000,ppa_greedy_cair_92_5,ppa_greedy,5,63.23933119957324,55.36537307461492,66.26777663224952,474,369,474,1.388516270727767
True,cair,1,1563324349 1563324343 1154147727 1563324348 1154147726 cluster_1563324004_1563324334,1563324348,False,20000,ppa_greedy_cair_21_5,ppa_greedy,5,209.02221333022112,124.84384534587106,251.1113973223962,1060,567,1060,2.2993154539647405
True,iitb,2,667357401 5366445083 667357361 1990860600 667357415 -22,667357415 1990860600,False,20000,ppa_greedy_iitb_70_5,ppa_greedy,5,333.7315016344774,287.31371126455184,349.2040984244527,2390,1725,2390,1.360625714686548
True,iitb,3,667357401 5366445083 667357361 1990860600 667357415 -22,1990860600 667357415 -22,False,20000,ppa_greedy_iitb_71_5,ppa_greedy,5,220.04847155568885,185.6104945677532,231.5277972183341,1521,1017,1521,1.3960469760510337
True,cair,1,1563324324 1154147728 1563324349 1563324336,1154147728,False,20000,ppa_greedy_cair_13_5,ppa_greedy,5,192.4865724067405,155.40705032012806,203.08072157434404,940,608,940,1.5705860561552594
True,grid_5_5,2,21 22 9 7 24,7 9,False,20000,ppa_greedy_grid_5_5_78_5,ppa_greedy,5,177.25359332033398,143.05492725363732,185.8032598370081,1034,669,1034,1.5903165298424828
True,cair,2,1563324343 cluster_1563324010_1563324356 1154147728 1563324324 1563324348,cluster_1563324010_1563324356 1563324324,False,20000,ppa_greedy_cair_54_5,ppa_greedy,5,115.21535627354874,90.93077923377012,124.55557821192512,727,480,727,1.5856648099523762
True,grid_5_5,4,13 17 21 0,17 0 21 13,False,20000,ppa_greedy_grid_5_5_40_5,ppa_greedy,5,100.30388919445971,83.44493474673733,103.51511861307353,682,544,682,1.5018317630952367
True,iitb,1,5882320075 668620103 3215340463 3215340464,3215340463,False,20000,ppa_greedy_iitb_61_5,ppa_greedy,5,462.16002342955295,370.6707814297864,480.4578718295061,2010,1572,2010,1.5336409929658612
True,iitb,1,667357401 5366445083 667357361 1990860600 667357415 -22,1990860600,False,20000,ppa_greedy_iitb_69_5,ppa_greedy,5,510.5846743247075,408.5351118674608,544.6011951437898,3409,1402,3409,1.420588699210912
True,iitb,1,4369058864 cluster_-172_5366445082 668685374 667357401,668685374,False,20000,ppa_greedy_iitb_25_5,ppa_greedy,5,521.3860683269156,392.4010101515227,547.1830799619943,2945,1914,2945,1.678365153719828
True,cair,4,1563324336 1154147727 1154147728 cluster_1563324002_1563324346 1563324011,1563324011 1563324336 cluster_1563324002_1563324346 1154147727,False,20000,ppa_greedy_cair_20_5,ppa_greedy,5,59.57353790934648,59.02291229122912,59.78531699323777,408,356,408,1.2761713980708749
True,grid_5_5,2,0 15 20 4,0 15,False,20000,ppa_greedy_grid_5_5_74_5,ppa_greedy,5,166.66637668116596,160.45068996550174,167.85031700795912,788,728,788,1.3422204757178675
True,grid_5_5,2,17 19 21 13 14,13 21,False,20000,ppa_greedy_grid_5_5_42_5,ppa_greedy,5,173.69598920053997,147.75971201439927,180.18005849707512,1025,737,1025,1.3851598746309373
True,grid_5_5,4,17 19 21 13 14,21 13 14 19,False,20000,ppa_greedy_grid_5_5_44_5,ppa_greedy,5,104.71848230353928,85.91516696660668,109.41931113777244,649,482,649,1.5102622243018065
True,iitb,2,667357419 -266 667357412 4369058864 -222,4369058864 667357412,False,20000,ppa_greedy_iitb_30_5,ppa_greedy,5,295.35861919525286,197.2877787778777,321.1667350945621,1960,1068,1960,1.82557245487904
True,cair,1,cluster_1563324010_1563324356 1154147727 1563324357 414035791 1563324348,1563324348,False,20000,ppa_greedy_cair_89_5,ppa_greedy,5,184.62519863097424,152.66476647664766,196.9176725364844,1159,648,1159,1.4020076864147153
True,cair,2,1563324353 1563324348 1563324324 cluster_1563324002_1563324346,cluster_1563324002_1563324346 1563324353,False,20000,ppa_greedy_cair_50_5,ppa_greedy,5,116.0488993343779,79.77761526152615,126.41212335519266,608,495,608,1.9276636284255253
True,iitb,4,5882320075 -22 667357387 1990860598 667357361,667357387 667357361 5882320075 1990860598,False,20000,ppa_greedy_iitb_68_5,ppa_greedy,5,148.77119806255837,151.88782513005202,147.95103304479687,1115,1115,1080,1.0921161504877994
True,cair,3,1563324336 cluster_1563324333_1563324337 1563324327 1563324011 1563324348 cluster_1563324010_1563324356,cluster_1563324010_1563324356 1563324011 1563324327,False,20000,ppa_greedy_cair_59_5,ppa_greedy,5,83.3892694063927,67.1164800186648,91.52566410025663,534,449,534,1.6464094588365523
True,iitb,1,5882320075 -22 667357387 1990860598 667357361,667357361,False,20000,ppa_greedy_iitb_65_5,ppa_greedy,5,476.5150032493501,472.2838632273546,477.6284611498753,3049,2111,3049,1.078886618308393
True,iitb,3,5882320075 -22 667357387 1990860598 667357361,667357387 667357361 5882320075,False,20000,ppa_greedy_iitb_67_5,ppa_greedy,5,194.6583300003333,200.81630836916307,193.03780937695703,1294,1294,1060,1.0547357322531965
True,cair,4,1563324336 cluster_1563324333_1563324337 1563324327 1563324011 1563324348 cluster_1563324010_1563324356,1563324336 cluster_1563324010_1563324356 1563324327 1563324011,False,20000,ppa_greedy_cair_60_5,ppa_greedy,5,65.98736729830175,52.10636968151592,72.92786610669467,498,448,498,1.7576927216889096
True,iitb,4,5882320075 668620103 3215340463 3215340464,3215340463 5882320075 668620103 3215340464,False,20000,ppa_greedy_iitb_64_5,ppa_greedy,5,165.7721230456379,134.1505400540054,172.0964396439644,1027,629,1027,1.637302315860423
True,cair,1,1563324324 cluster_1563324002_1563324346 cluster_1563324004_1563324334 1563324349 1154147728 1563324357,cluster_1563324002_1563324346,False,20000,ppa_greedy_cair_93_5,ppa_greedy,5,196.73678740175177,155.93453675144528,217.137912726905,1101,894,1101,1.553489413587667
True,cair,3,1563324353 1563324348 1563324324 cluster_1563324002_1563324346,cluster_1563324002_1563324346 1563324324 1563324348,False,20000,ppa_greedy_cair_51_5,ppa_greedy,5,80.30600837861563,56.200107510751074,87.19340862657694,559,375,559,1.908541598563552
True,grid_5_5,1,22 9 0 10 23 24,23,False,20000,ppa_greedy_grid_5_5_81_5,ppa_greedy,5,262.2806204032621,249.3110355064125,266.3762787917409,1057,977,1057,1.1702179518529252
True,iitb,3,667357419 -266 667357412 4369058864 -222,667357412 -266 -222,False,20000,ppa_greedy_iitb_31_5,ppa_greedy,5,218.30840420210103,150.3448924462231,236.1935388747005,1414,1071,1414,1.8322422526702444
True,cair,2,cluster_1563324010_1563324356 1154147727 1563324357 414035791 1563324348,1563324357 cluster_1563324010_1563324356,False,20000,ppa_greedy_cair_90_5,ppa_greedy,5,111.1755888888889,98.16811,116.17846538461538,644,561,644,1.312785648648321
True,grid_5_5,1,20 10 6 1 24 15,24,False,20000,ppa_greedy_grid_5_5_45_5,ppa_greedy,5,279.74976046406965,236.7508542948109,293.3283624122566,1476,945,1476,1.4205338506472864
True,grid_5_5,4,20 10 6 1 24 15,24 20 10 6,False,20000,ppa_greedy_grid_5_5_48_5,ppa_greedy,5,98.71779366905037,76.86397126235602,105.61900074484858,631,503,631,1.7118214590900191
True,cair,4,1563324343 cluster_1563324010_1563324356 1154147728 1563324324 1563324348,cluster_1563324010_1563324356 1154147728 1563324324 1563324343,False,20000,ppa_greedy_cair_56_5,ppa_greedy,5,68.99889172208056,50.82004899755013,75.99075430843843,507,330,507,1.7606127061658323
True,grid_5_5,1,13 1 12 4,12,False,20000,ppa_greedy_grid_5_5_1_5,ppa_greedy,5,276.6296929078724,235.15084525357608,284.53042579440495,1107,800,1107,1.3612526479746958
True,iitb,3,5882320075 668620103 3215340463 3215340464,3215340463 668620103 3215340464,False,20000,ppa_greedy_iitb_63_5,ppa_greedy,5,201.4579083758291,165.771197880212,208.5952504749525,1338,783,1338,1.644139598016682
True,iitb,2,667357387 667357401 668672700 667357412 667357419,667357387 667357419,False,20000,ppa_greedy_iitb_102_5,ppa_greedy,5,307.8803713052751,221.4960411876437,330.6130897572834,1932,977,1932,1.7308675180187318
True,grid_5_5,3,17 19 21 13 14,14 17 19,False,20000,ppa_greedy_grid_5_5_43_5,ppa_greedy,5,130.4657147142643,105.28550572471376,136.7607669616519,843,510,843,1.4994593290656877
True,iitb,3,667357387 2055461156 -282 667357412 5366445083 4369058864,4369058864 -282 5366445083,False,20000,ppa_greedy_iitb_107_5,ppa_greedy,5,213.9347823370652,186.12250932960148,223.2055400062197,1378,986,1378,1.4069257526890857
True,grid_5_5,4,22 9 0 10 23 24,10 22 23 0,False,20000,ppa_greedy_grid_5_5_84_5,ppa_greedy,5,98.83353529294142,96.05953809238152,99.70953440890769,793,606,793,1.218460049462555
True,grid_5_5,4,13 1 12 4,1 12 4 13,False,20000,ppa_greedy_grid_5_5_4_5,ppa_greedy,5,101.18160891955402,83.12574371281436,104.62082133988538,556,455,556,1.5346008639455024
True,grid_5_5,1,4 13 0 11 16,0,False,20000,ppa_greedy_grid_5_5_5_5,ppa_greedy,5,273.4003920588088,270.7599239885984,274.0605090763614,1506,1506,1186,1.1446967817380194
True,grid_5_5,4,0 15 20 4,20 4 0 15,False,20000,ppa_greedy_grid_5_5_76_5,ppa_greedy,5,105.4708198360328,95.66696660667868,107.33822045114783,648,498,648,1.503783246079995
True,iitb,4,667357387 2055461156 -282 667357412 5366445083 4369058864,4369058864 667357387 2055461156 5366445083,False,20000,ppa_greedy_iitb_108_5,ppa_greedy,5,161.53908986290404,143.0456402815304,167.70357305669523,1018,814,1018,1.3827963483258576
True,cair,4,1563324349 1563324343 1154147727 1563324348 1154147726 cluster_1563324004_1563324334,1154147727 1563324349 cluster_1563324004_1563324334 1154147726,False,20000,ppa_greedy_cair_24_5,ppa_greedy,5,70.88810551638691,40.07007017017517,86.2971231894928,566,311,566,2.634328553166696
True,iitb,4,3215340463 667357401 668685374 667357387,668685374 667357401 667357387 3215340463,False,20000,ppa_greedy_iitb_100_5,ppa_greedy,5,157.29493014571037,132.68536811043313,162.21684255276585,1183,685,1183,1.512740342871756
True,grid_5_5,1,21 22 9 7 24,7,False,20000,ppa_greedy_grid_5_5_77_5,ppa_greedy,5,288.9932769915488,251.02055308296244,298.48645796869533,1160,1160,958,1.323155658459453
True,iitb,2,667357387 2055461156 -282 667357412 5366445083 4369058864,4369058864 5366445083,False,20000,ppa_greedy_iitb_106_5,ppa_greedy,5,294.99738203538936,263.0580159285547,305.6438374043343,1562,1216,1562,1.3169984185408463
True,iitb,3,3215340463 667357401 668685374 667357387,667357387 667357401 3215340463,False,20000,ppa_greedy_iitb_99_5,ppa_greedy,5,193.09189557690385,156.96528820174123,200.3172170519364,1300,998,1300,1.5200456314998942
True,iitb,3,4369058864 -22 668685374 668620103 -222 667357401,-22 4369058864 -222,False,20000,ppa_greedy_iitb_35_5,ppa_greedy,5,217.2488873887389,178.53649531619828,230.15301807958576,1669,1149,1669,1.5538574659983104
True,cair,3,1563324327 cluster_1563324333_1563324337 cluster_1563324004_1563324334 1563324343,1563324327 cluster_1563324333_1563324337 1563324343,False,20000,ppa_greedy_cair_87_5,ppa_greedy,5,83.85061111111112,52.790575,92.72490714285716,602,368,602,2.3933809231137726
True,iitb,2,3215340463 667357401 668685374 667357387,667357387 667357401,False,20000,ppa_greedy_iitb_98_5,ppa_greedy,5,287.13767952947444,228.43845596321103,298.8775242427272,1780,1241,1780,1.5003831631332425
True,grid_5_5,3,0 15 20 4,15 20 0,False,20000,ppa_greedy_grid_5_5_75_5,ppa_greedy,5,126.59932803359833,117.19157792110394,128.3912804359782,814,691,814,1.4643235388921911
True,iitb,1,4369058864 -22 668685374 668620103 -222 667357401,4369058864,False,20000,ppa_greedy_iitb_33_5,ppa_greedy,5,564.0187581339474,455.5990923349017,600.1586467336293,3520,1883,3520,1.5029884995185367
True,iitb,2,5882320075 -22 667357387 1990860598 667357361,5882320075 -22,False,20000,ppa_greedy_iitb_66_5,ppa_greedy,5,297.940700640128,293.83675735147034,299.0206857160906,1573,1573,1535,1.084192634740701
True,grid_5_5,2,22 9 0 10 23 24,23 0,False,20000,ppa_greedy_grid_5_5_82_5,ppa_greedy,5,166.584425114977,166.62971572352194,166.57012281754174,974,832,974,1.150087313090749
True,cair,2,1563324336 cluster_1563324333_1563324337 1563324327 1563324011 1563324348 cluster_1563324010_1563324356,cluster_1563324333_1563324337 cluster_1563324010_1563324356,False,20000,ppa_greedy_cair_58_5,ppa_greedy,5,115.3071681361846,94.84338383585846,125.53906028634763,716,539,716,1.5293838607564685
True,grid_5_5,3,22 9 0 10 23 24,23 10 22,False,20000,ppa_greedy_grid_5_5_83_5,ppa_greedy,5,119.04347252087813,119.1171759097198,119.02019776650708,705,705,652,1.1893102437477054
True,grid_5_5,1,10 15 24 18 2 23,24,False,20000,ppa_greedy_grid_5_5_9_5,ppa_greedy,5,272.87561780890445,226.9602968150742,287.37519285958774,1451,979,1451,1.420382016469141
True,grid_5_5,1,17 19 21 13 14,19,False,20000,ppa_greedy_grid_5_5_41_5,ppa_greedy,5,277.47798440311936,240.8853629274145,286.6261397720456,1482,1087,1482,1.3336215614367848
True,iitb,1,667357419 -266 667357412 4369058864 -222,4369058864,False,20000,ppa_greedy_iitb_29_5,ppa_greedy,5,516.9853996798561,390.07044169876445,550.3840728327748,2638,1904,2638,1.5846882693434061
